Customer Name,Invoice Date ,Credit Terms,Actual Delay over and above Agreed Credit Terms,Invoice Currency, Invoice Amount 
1,10/31/2023,30,42,USD," 56,800.00 "
1,11/30/2023,30,,USD," 50,440.00 "
1,12/31/2023,30,-11,USD," 40,640.00 "
1,1/31/2024,30,,USD," 59,640.00 "
2,10/13/2023,30,-11,USD," 99,761.25 "
2,10/13/2023,30,-11,USD," 99,761.25 "
2,10/13/2023,30,-11,USD," 99,761.25 "
2,10/13/2023,30,-11,USD," 99,761.25 "
2,10/13/2023,30,5,USD," 99,761.25 "
2,10/31/2023,30,4,USD," 94,289.99 "
2,10/31/2023,30,-9,USD," 503,393.32 "
2,10/31/2023,30,-9,USD," 149,988.00 "
2,10/31/2023,30,63,USD," 27,224.00 "
2,10/31/2023,30,-13,USD," 707,624.06 "
2,10/31/2023,30,-9,USD," 426,825.80 "
2,10/31/2023,30,-9,USD," 239,532.00 "
2,10/31/2023,30,-13,USD," 300,794.68 "
2,10/31/2023,30,0,USD," 5,226.67 "
2,10/31/2023,30,0,USD," 992,888.00 "
2,10/31/2023,30,0,USD," 15,680.00 "
2,10/31/2023,30,0,USD," 53,959.33 "
2,10/31/2023,30,-13,USD," 21,000.00 "
2,10/31/2023,30,-13,USD," 23,500.00 "
2,10/31/2023,30,-13,USD," 30,000.00 "
2,10/31/2023,30,-13,USD," 30,000.00 "
2,10/31/2023,30,0,USD," 39,583.00 "
2,10/31/2023,30,-13,USD," 60,433.34 "
2,10/31/2023,30,-13,USD," 60,433.35 "
2,10/31/2023,30,0,USD," 59,208.33 "
2,10/31/2023,30,0,USD," 70,634.00 "
2,10/31/2023,30,0,USD," 268,549.05 "
2,10/31/2023,30,4,USD," 32,666.67 "
2,10/31/2023,30,4,USD," 14,700.00 "
2,10/31/2023,30,0,USD," 114,818.62 "
2,10/31/2023,30,4,USD," 27,245.44 "
2,10/31/2023,30,4,USD," 33,802.00 "
2,10/31/2023,30,4,USD," 11,340.00 "
2,10/31/2023,30,-13,USD," 2,240.00 "
2,10/31/2023,30,-9,USD," 73,740.00 "
2,11/14/2023,30,-23,USD," -239,532.00 "
2,11/16/2023,30,-12,USD," 222,312.00 "
2,11/16/2023,30,10,USD," 6,613.00 "
2,11/17/2023,30,-16,USD," 99,761.25 "
2,11/17/2023,30,9,USD," 6,125.00 "
2,11/30/2023,30,11,USD," 15,680.00 "
2,11/30/2023,30,-4,USD," 5,226.67 "
2,11/30/2023,30,-11,USD," 110,576.66 "
2,11/30/2023,30,-11,USD," 60,433.34 "
2,11/30/2023,30,-11,USD," 29,400.00 "
2,11/30/2023,30,-11,USD," 295,392.01 "
2,11/30/2023,30,-11,USD," 725,043.40 "
2,11/30/2023,30,23,USD," 59,208.33 "
2,11/30/2023,30,-4,USD," 70,634.00 "
2,11/30/2023,30,-4,USD," 53,959.33 "
2,11/30/2023,30,-4,USD," 39,583.00 "
2,11/30/2023,30,-3,USD," 30,000.00 "
2,11/30/2023,30,-11,USD," 23,500.00 "
2,11/30/2023,30,-11,USD," 21,000.00 "
2,11/30/2023,30,17,USD," 30,000.00 "
2,11/30/2023,30,-11,USD," 32,666.67 "
2,11/30/2023,30,-12,USD," 73,740.00 "
2,11/30/2023,30,-11,USD," 14,700.00 "
2,11/30/2023,30,-11,USD," 99,761.25 "
2,11/30/2023,30,-4,USD," 7,000.00 "
2,11/30/2023,30,33,USD," 30,680.00 "
2,11/30/2023,30,-11,USD," -295,392.01 "
2,11/30/2023,30,-11,USD," 295,392.01 "
2,11/30/2023,30,-11,USD," 219,432.00 "
2,11/30/2023,30,-4,USD," 151,044.00 "
2,11/30/2023,30,27,USD," 6,519.50 "
2,11/30/2023,30,-4,USD," 406,969.80 "
2,11/30/2023,30,-4,USD," 115,956.10 "
2,11/30/2023,30,-4,USD," 992,888.00 "
2,11/30/2023,30,3,USD," 27,245.44 "
2,11/30/2023,30,3,USD," 33,802.00 "
2,11/30/2023,30,-4,USD," 268,549.05 "
2,11/30/2023,30,-4,USD," 11,340.00 "
2,11/30/2023,30,-4,USD," 2,240.00 "
2,11/30/2023,30,23,USD," 521,278.32 "
2,11/30/2023,30,-4,USD," 35,709.00 "
2,12/13/2023,30,10,USD," 118,200.00 "
2,12/19/2023,30,4,USD," 446,621.00 "
2,12/19/2023,30,4,USD," 844,316.00 "
2,12/21/2023,30,2,USD," 2,100,000.00 "
2,12/21/2023,30,-10,USD," 6,270.00 "
2,12/21/2023,30,-10,USD," 1,666.20 "
2,12/21/2023,30,-10,USD," 6,270.00 "
2,12/21/2023,30,-10,USD," 1,666.20 "
2,12/27/2023,30,0,USD," 192,044.00 "
2,12/28/2023,30,-12,USD," 73,740.00 "
2,12/27/2023,30,-11,USD," 271,344.01 "
2,12/27/2023,30,-11,USD," 29,400.00 "
2,12/27/2023,30,-11,USD," 713,308.73 "
2,12/27/2023,30,-11,USD," 60,433.34 "
2,12/27/2023,30,0,USD," 110,576.66 "
2,12/27/2023,30,-4,USD," 513,356.66 "
2,12/27/2023,30,-11,USD," 34,416.67 "
2,12/27/2023,30,-4,USD," 403,049.80 "
2,12/27/2023,30,-4,USD," 140,384.00 "
2,12/27/2023,30,20,USD," 5,226.67 "
2,12/27/2023,30,,USD," 35,096.00 "
2,12/27/2023,30,-4,USD," 15,680.00 "
2,12/27/2023,30,-11,USD," 99,761.25 "
2,12/29/2023,30,-2,USD," 32,666.67 "
2,12/31/2023,30,-8,USD," 30,000.00 "
2,12/31/2023,30,13,USD," 21,000.00 "
2,12/31/2023,30,-8,USD," 30,000.00 "
2,12/31/2023,30,-6,USD," 23,500.00 "
2,12/31/2023,30,-4,USD," 53,959.33 "
2,12/31/2023,30,-4,USD," 59,208.33 "
2,12/31/2023,30,-4,USD," 70,634.00 "
2,12/31/2023,30,-4,USD," 39,583.00 "
2,12/31/2023,30,-4,USD," 268,549.05 "
2,12/31/2023,30,-4,USD," 992,888.00 "
2,12/31/2023,30,2,USD," 7,669.00 "
2,12/31/2023,30,-4,USD," 2,240.00 "
2,12/31/2023,30,2,USD," 11,340.00 "
2,12/31/2023,30,-4,USD," 27,245.44 "
2,12/31/2023,30,-4,USD," 33,802.00 "
2,12/31/2023,30,16,USD," 113,737.73 "
2,1/31/2024,30,,USD," 73,740.00 "
2,1/31/2024,30,,USD," 197,001.00 "
2,1/31/2024,30,-29,USD," -3,850.00 "
2,1/31/2024,30,,USD," 30,000.00 "
2,1/31/2024,30,,USD," 23,500.00 "
2,1/31/2024,30,,USD," 32,666.67 "
2,1/31/2024,30,,USD," 99,761.25 "
2,1/31/2024,30,,USD," 21,000.00 "
2,1/31/2024,30,,USD," 59,208.33 "
2,1/31/2024,30,,USD," 70,634.00 "
2,1/31/2024,30,,USD," 15,680.00 "
2,1/31/2024,30,,USD," 53,959.33 "
2,1/31/2024,30,,USD," 113,898.79 "
2,1/31/2024,30,-30,USD," 33,802.00 "
2,1/31/2024,30,,USD," 11,340.00 "
2,1/31/2024,30,-30,USD," 27,245.44 "
2,1/31/2024,30,,USD," 11,726.00 "
2,1/31/2024,30,,USD," 2,240.00 "
2,1/31/2024,30,-30,USD," -33,802.00 "
2,1/31/2024,30,-30,USD," -27,245.44 "
2,1/31/2024,30,,USD," 33,802.00 "
2,1/31/2024,30,,USD," 27,245.44 "
2,1/31/2024,30,,USD," 15,000.00 "
2,1/31/2024,30,,USD," 26,100.00 "
2,1/31/2024,30,,USD," 1,119,556.00 "
2,1/31/2024,30,,USD," 5,226.67 "
2,1/31/2024,30,,USD," 20,416.67 "
2,1/31/2024,30,,USD," 497,839.99 "
2,1/31/2024,30,,USD," 385,949.80 "
2,1/31/2024,30,,USD," 127,264.00 "
2,1/31/2024,30,,USD," 192,044.00 "
2,1/31/2024,30,,USD," 268,549.05 "
2,1/31/2024,30,,USD," 7,647.00 "
2,1/31/2024,30,,USD," 982,458.73 "
2,1/31/2024,30,,USD," 60,433.34 "
2,1/31/2024,30,,USD," 105,303.33 "
3,10/30/2023,60,-16,USD," 11,112.00 "
3,10/31/2023,60,-17,GBP," 20,165.43 "
3,10/31/2023,60,-15,GBP," 4,207.20 "
3,10/31/2023,60,-17,GBP," 44,585.42 "
3,10/31/2023,60,-17,GBP," 62,589.58 "
3,11/17/2023,60,-27,GBP," 10,353.14 "
3,11/30/2023,60,-29,GBP," 5,256.14 "
3,11/30/2023,60,-29,GBP," 46,619.71 "
3,11/30/2023,60,-29,GBP," 59,422.36 "
3,11/30/2023,60,-29,GBP," 10,969.34 "
3,12/31/2023,60,,GBP," 46,689.48 "
3,12/31/2023,60,,GBP," 10,985.76 "
3,12/31/2023,60,,GBP," 46,221.57 "
3,12/31/2023,60,,GBP," 4,577.40 "
3,1/31/2024,60,,GBP," 46,509.55 "
3,1/31/2024,60,,GBP," 66,141.85 "
4,10/31/2023,30,-15,USD," 16,720.00 "
4,10/31/2023,30,12,USD," 3,015.81 "
4,10/31/2023,30,12,USD," 16,845.84 "
4,10/31/2023,30,41,USD," 6,156.00 "
4,10/31/2023,30,-15,USD," 5,400.00 "
4,10/31/2023,30,12,USD, 900.00 
4,10/31/2023,30,-15,USD," 17,600.00 "
4,10/31/2023,30,-15,USD," 14,080.00 "
4,10/31/2023,30,-15,USD," 19,360.00 "
4,10/31/2023,30,12,USD," 29,040.00 "
4,10/31/2023,30,41,USD," 21,525.24 "
4,10/31/2023,30,12,USD," 16,720.00 "
4,10/31/2023,30,12,USD," 15,909.96 "
4,10/31/2023,30,-16,USD," 11,440.00 "
4,10/31/2023,30,-16,USD," 5,643.00 "
4,10/31/2023,30,-17,USD," 4,860.00 "
4,10/31/2023,30,41,USD," 5,130.00 "
4,10/31/2023,30,-16,USD," 5,760.00 "
4,10/31/2023,30,-17,USD," 6,048.00 "
4,10/31/2023,30,-16,USD," 5,184.00 "
4,10/31/2023,30,-17,USD," 5,985.00 "
4,10/31/2023,30,13,USD," 6,156.00 "
4,10/31/2023,30,-17,USD," 5,130.00 "
4,10/31/2023,30,-17,USD," 5,040.00 "
4,10/31/2023,30,-17,USD," 5,760.00 "
4,10/31/2023,30,68,USD," 2,700.00 "
4,10/31/2023,30,-17,USD," 7,560.00 "
4,10/31/2023,30,-17,USD," 5,760.00 "
4,10/31/2023,30,49,USD," 4,860.00 "
4,10/31/2023,30,-17,USD," 4,770.00 "
4,10/31/2023,30,7,USD," 6,318.00 "
4,10/31/2023,30,-17,USD," 5,310.00 "
4,10/31/2023,30,21,USD," 4,050.00 "
4,10/31/2023,30,-21,USD," 5,832.00 "
4,10/31/2023,30,-17,USD," 5,670.00 "
4,10/31/2023,30,-17,USD," 5,400.00 "
4,10/31/2023,30,14,USD," 5,400.00 "
4,10/31/2023,30,-17,USD," 4,050.00 "
4,10/31/2023,30,,USD," 5,130.00 "
4,10/31/2023,30,-16,USD," 4,158.00 "
4,10/31/2023,30,-16,USD," 5,643.00 "
4,10/31/2023,30,,USD," 4,320.00 "
4,10/31/2023,30,7,USD," 5,049.00 "
4,10/31/2023,30,-16,USD," 5,049.00 "
4,10/31/2023,30,14,USD," 5,130.00 "
4,10/31/2023,30,,USD," 5,940.00 "
4,10/31/2023,30,7,USD," 5,494.50 "
4,10/31/2023,30,12,USD," 5,890.32 "
4,10/31/2023,30,15,USD," 1,944.00 "
4,10/31/2023,30,68,USD," 2,430.00 "
4,11/29/2023,30,-17,USD," -5,890.32 "
4,11/29/2023,30,-15,USD," 5,832.00 "
4,11/29/2023,30,-15,USD," 8,800.00 "
4,11/30/2023,30,8,USD," 15,200.00 "
4,11/30/2023,30,46,USD," 13,697.88 "
4,11/30/2023,30,8,USD," 27,060.00 "
4,11/30/2023,30,-15,USD," 18,040.00 "
4,11/30/2023,30,-11,USD," 13,120.00 "
4,11/30/2023,30,-16,USD," 16,400.00 "
4,11/30/2023,30,-16,USD," 5,670.00 "
4,11/30/2023,30,8,USD," 6,480.00 "
4,11/30/2023,30,-17,USD," 5,184.00 "
4,11/30/2023,30,-16,USD," 5,940.00 "
4,11/30/2023,30,-11,USD," 5,400.00 "
4,11/30/2023,30,8,USD," 5,670.00 "
4,11/30/2023,30,-11,USD," 5,472.00 "
4,11/30/2023,30,19,USD," 4,320.00 "
4,11/30/2023,30,-11,USD," 4,896.00 "
4,11/30/2023,30,8,USD," 5,832.00 "
4,11/30/2023,30,-16,USD," 6,237.00 "
4,11/30/2023,30,-11,USD," 5,670.00 "
4,11/30/2023,30,,USD," 4,590.00 "
4,11/30/2023,30,,USD," 6,534.00 "
4,11/30/2023,30,-11,USD," 4,860.00 "
4,11/30/2023,30,46,USD," 5,940.00 "
4,11/30/2023,30,38,USD," 4,860.00 "
4,11/30/2023,30,,USD," 6,088.50 "
4,11/30/2023,30,-16,USD," 5,940.00 "
4,11/30/2023,30,-11,USD," 5,400.00 "
4,11/30/2023,30,-12,USD," 5,670.00 "
4,11/30/2023,30,-11,USD," 5,940.00 "
4,11/30/2023,30,-17,USD," 6,804.00 "
4,11/30/2023,30,-12,USD," 5,670.00 "
4,11/30/2023,30,-12,USD," 5,430.00 "
4,11/30/2023,30,-12,USD," 5,400.00 "
4,11/30/2023,30,19,USD," 4,590.00 "
4,11/30/2023,30,-11,USD," 7,200.00 "
4,11/30/2023,30,-11,USD," 5,400.00 "
4,11/30/2023,30,-12,USD," 6,480.00 "
4,11/30/2023,30,24,USD," 6,300.00 "
4,11/30/2023,30,-16,USD," 6,192.00 "
4,11/30/2023,30,-16,USD," 6,048.00 "
4,11/30/2023,30,-16,USD," 6,480.00 "
4,12/31/2023,30,4,USD," 15,548.37 "
4,12/31/2023,30,4,USD," 15,200.00 "
4,12/31/2023,30,4,USD, 760.00 
4,12/31/2023,30,4,USD," 26,400.00 "
4,12/31/2023,30,-23,USD," 17,600.00 "
4,12/31/2023,30,-18,USD," 16,000.00 "
4,12/31/2023,30,-30,USD," 4,320.00 "
4,12/31/2023,30,,USD," 5,508.00 "
4,12/31/2023,30,-23,USD," 5,328.00 "
4,12/31/2023,30,-30,USD," -3,510.00 "
4,12/31/2023,30,-30,USD, -810.00 
4,12/31/2023,30,-30,USD," -18,400.00 "
4,12/31/2023,30,-30,USD, -540.00 
4,12/31/2023,30,-30,USD," -4,320.00 "
4,12/31/2023,30,-16,USD," 7,040.00 "
4,12/31/2023,30,-18,USD," 5,346.00 "
4,12/31/2023,30,,USD," 6,156.00 "
4,12/31/2023,30,-16,USD," 4,320.00 "
4,12/31/2023,30,-16,USD," 5,184.00 "
4,12/31/2023,30,,USD," 5,400.00 "
4,12/31/2023,30,-16,USD," 5,472.00 "
4,12/31/2023,30,4,USD," 4,725.00 "
4,12/31/2023,30,,USD," 5,130.00 "
4,12/31/2023,30,-18,USD," 5,346.00 "
4,12/31/2023,30,-16,USD," 5,130.00 "
4,12/31/2023,30,,USD," 5,400.00 "
4,12/31/2023,30,,USD," 5,643.00 "
4,12/31/2023,30,,USD," 5,400.00 "
4,12/31/2023,30,15,USD," 5,643.00 "
4,12/31/2023,30,-16,USD," 5,670.00 "
4,12/31/2023,30,7,USD," 5,049.00 "
4,12/31/2023,30,-21,USD," 5,643.00 "
4,12/31/2023,30,-16,USD," 3,780.00 "
4,12/31/2023,30,-18,USD," 4,860.00 "
4,12/31/2023,30,-18,USD," 3,780.00 "
4,12/31/2023,30,-21,USD," 6,480.00 "
4,12/31/2023,30,-16,USD," 4,860.00 "
4,12/31/2023,30,-18,USD," 5,400.00 "
4,12/31/2023,30,-18,USD," 5,520.00 "
4,12/31/2023,30,-12,USD," 3,780.00 "
4,12/31/2023,30,-18,USD," 4,860.00 "
4,12/31/2023,30,-18,USD," 6,480.00 "
4,12/31/2023,30,,USD," 6,300.00 "
4,12/31/2023,30,-21,USD," 5,472.00 "
4,12/31/2023,30,-21,USD," 6,048.00 "
4,12/31/2023,30,-21,USD," 6,480.00 "
4,12/31/2023,30,-7,USD," 7,200.00 "
4,1/31/2024,30,,USD," 7,200.00 "
4,1/31/2024,30,,USD," 3,036.24 "
4,1/31/2024,30,,USD," 15,200.00 "
4,1/31/2024,30,,USD," 20,546.82 "
4,1/31/2024,30,,USD," 18,480.00 "
4,1/31/2024,30,,USD," 16,800.00 "
4,1/31/2024,30,,USD," 26,400.00 "
4,1/31/2024,30,,USD," 5,400.00 "
4,1/31/2024,30,,USD," 6,156.00 "
4,1/31/2024,30,,USD," 5,760.00 "
4,1/31/2024,30,,USD," 15,909.96 "
4,1/31/2024,30,,USD," 5,130.00 "
4,1/31/2024,30,,USD," 3,510.00 "
4,1/31/2024,30,,USD," 15,005.99 "
4,1/31/2024,30,,USD," 14,760.00 "
4,1/31/2024,30,,USD," 7,920.00 "
4,1/31/2024,30,,USD," 6,480.00 "
4,1/31/2024,30,,USD," 6,048.00 "
4,1/31/2024,30,,USD," 6,048.00 "
4,1/31/2024,30,,USD," 6,300.00 "
4,1/31/2024,30,,USD," 6,804.00 "
4,1/31/2024,30,,USD," 5,400.00 "
4,1/31/2024,30,,USD," 7,200.00 "
4,1/31/2024,30,,USD," 5,130.00 "
4,1/31/2024,30,,USD," 5,130.00 "
4,1/31/2024,30,,USD," 5,670.00 "
4,1/31/2024,30,,USD," 6,804.00 "
4,1/31/2024,30,,USD," 5,130.00 "
4,1/31/2024,30,,USD," 5,670.00 "
4,1/31/2024,30,,USD," 5,400.00 "
4,1/31/2024,30,,USD," 5,643.00 "
4,1/31/2024,30,,USD," 6,237.00 "
4,1/31/2024,30,,USD," 5,670.00 "
4,1/31/2024,30,,USD," 5,346.00 "
4,1/31/2024,30,,USD," 5,940.00 "
4,1/31/2024,30,,USD," 6,237.00 "
4,1/31/2024,30,-16,USD," 4,752.00 "
4,1/31/2024,30,,USD," 5,400.00 "
4,1/31/2024,30,,USD," 5,670.00 "
4,1/31/2024,30,,USD," 5,130.00 "
4,1/31/2024,30,-16,USD," 5,643.00 "
4,1/31/2024,30,,USD," 5,760.00 "
4,1/31/2024,30,,USD," 5,760.00 "
4,1/31/2024,30,-18,USD," 5,832.00 "
4,1/31/2024,30,-16,USD," 6,048.00 "
4,1/31/2024,30,,USD," 5,400.00 "
4,1/31/2024,30,,USD," 5,670.00 "
5,10/31/2023,60,19,USD," 34,194.00 "
5,10/31/2023,60,13,USD," 21,168.00 "
5,10/31/2023,60,19,USD," 23,492.00 "
5,10/31/2023,60,19,USD," 17,600.00 "
5,10/31/2023,60,19,USD," 22,800.00 "
5,10/31/2023,60,19,USD," 66,803.52 "
5,10/31/2023,60,13,USD," 18,040.00 "
5,10/31/2023,60,19,USD," 36,960.00 "
5,10/31/2023,60,19,USD," 40,672.00 "
5,10/31/2023,60,19,USD," 46,264.00 "
5,10/31/2023,60,30,USD," 116,168.00 "
5,10/31/2023,60,19,USD," 11,760.00 "
5,10/31/2023,60,,USD," 11,760.00 "
5,10/31/2023,60,30,USD," 32,884.96 "
5,10/31/2023,60,30,USD," 18,040.00 "
5,10/31/2023,60,19,USD," 134,110.72 "
5,10/31/2023,60,13,USD," 25,464.00 "
5,10/31/2023,60,19,USD," 194,008.00 "
5,10/31/2023,60,19,USD," 81,288.00 "
5,10/31/2023,60,,USD," 46,512.00 "
5,10/31/2023,60,30,USD," 8,439.44 "
5,10/31/2023,60,13,USD," 29,752.80 "
5,10/31/2023,60,30,USD," 22,797.60 "
5,10/31/2023,60,13,USD," 41,352.96 "
5,10/31/2023,60,19,USD," 49,371.84 "
5,10/31/2023,60,19,USD," 568,516.96 "
5,10/31/2023,60,19,USD," 9,240.00 "
5,10/31/2023,60,19,USD," 64,098.72 "
5,10/31/2023,60,,USD," 26,928.00 "
5,10/31/2023,60,19,USD," 69,074.88 "
5,10/31/2023,60,,USD," 92,064.00 "
5,10/31/2023,60,19,USD," 50,400.00 "
5,10/31/2023,60,30,USD," 34,472.00 "
5,10/31/2023,60,,USD," 11,760.00 "
5,10/31/2023,60,19,USD," 6,864.00 "
5,10/31/2023,60,19,USD," 12,432.00 "
5,10/31/2023,60,19,USD," 8,400.00 "
5,10/31/2023,60,19,USD," 34,760.00 "
5,10/31/2023,60,19,USD," 93,795.52 "
5,10/31/2023,60,13,USD," 44,544.00 "
5,10/31/2023,60,13,USD," 21,315.84 "
5,10/31/2023,60,13,USD," 53,088.00 "
5,10/31/2023,60,30,USD," 7,640.00 "
5,10/31/2023,60,30,USD," 6,240.00 "
5,10/31/2023,60,19,USD," 57,276.88 "
5,10/31/2023,60,19,USD," 157,664.00 "
5,10/31/2023,60,13,USD," 110,208.00 "
5,10/31/2023,60,19,USD," 251,400.28 "
5,10/31/2023,60,13,USD," 96,592.64 "
5,10/31/2023,60,,USD," 115,227.84 "
5,10/31/2023,60,13,USD," 45,848.00 "
5,10/31/2023,60,19,USD," 72,072.00 "
5,10/31/2023,60,19,USD," 53,873.33 "
5,10/31/2023,60,30,USD," 6,303.45 "
5,10/31/2023,60,30,USD," 24,401.70 "
5,10/31/2023,60,13,USD," 6,216.00 "
5,10/31/2023,60,19,USD," 84,000.00 "
5,12/13/2023,60,,USD, 585.00 
5,12/13/2023,60,,USD, 332.00 
5,12/13/2023,60,,USD, 694.00 
5,12/13/2023,60,,USD," 2,095.00 "
5,12/25/2023,60,,USD," 90,000.00 "
5,12/26/2023,60,,USD," 9,472.00 "
5,12/27/2023,60,,USD," 9,504.00 "
5,12/27/2023,60,,USD," 16,128.00 "
5,12/27/2023,60,,USD," 48,032.00 "
5,12/27/2023,60,,USD," 29,752.80 "
5,12/27/2023,60,,USD," 12,760.00 "
5,12/31/2023,60,,USD," 107,919.68 "
5,12/31/2023,60,,USD," 32,492.00 "
5,12/31/2023,60,,USD," 5,300.00 "
5,12/31/2023,60,,USD," 454,756.72 "
5,12/31/2023,60,,USD," 63,530.88 "
5,12/31/2023,60,,USD," 39,600.00 "
5,12/31/2023,60,,USD," 8,400.00 "
5,12/31/2023,60,,USD," 90,000.00 "
5,12/27/2023,60,,USD," 14,080.00 "
5,12/27/2023,60,,USD," 17,489.92 "
5,12/31/2023,60,,USD," 35,504.00 "
5,12/31/2023,60,,USD," 18,944.00 "
5,12/31/2023,60,,USD," 8,120.00 "
5,12/31/2023,60,,USD," 21,100.00 "
5,12/31/2023,60,,USD," 26,206.00 "
5,12/31/2023,60,,USD," 120,608.00 "
5,12/31/2023,60,,USD," 28,160.00 "
5,12/31/2023,60,,USD," 14,080.00 "
5,12/31/2023,60,,USD," 27,280.00 "
5,12/31/2023,60,,USD," 42,927.36 "
5,12/31/2023,60,,USD," 17,400.00 "
5,12/27/2023,60,,USD," 44,928.00 "
5,12/27/2023,60,,USD," 33,873.92 "
5,12/31/2023,60,,USD," 152,924.00 "
5,12/31/2023,60,,USD," 72,072.00 "
5,12/31/2023,60,,USD," 39,160.00 "
5,12/31/2023,60,,USD," 41,716.64 "
5,12/31/2023,60,,USD," 42,728.00 "
5,12/31/2023,60,,USD," 17,008.00 "
5,12/31/2023,60,,USD," 77,028.64 "
5,12/31/2023,60,,USD," 69,840.00 "
5,12/31/2023,60,,USD," 21,272.00 "
5,12/31/2023,60,,USD," 39,940.00 "
5,12/31/2023,60,-59,USD," 63,400.00 "
5,12/31/2023,60,,USD," 70,144.00 "
5,12/31/2023,60,,USD," 30,516.00 "
5,12/31/2023,60,,USD," 31,554.00 "
5,12/31/2023,60,,USD," 118,486.80 "
5,12/31/2023,60,,USD," 8,400.00 "
5,12/31/2023,60,,USD," 100,768.00 "
5,12/31/2023,60,,USD," 9,440.00 "
5,12/31/2023,60,,USD," 72,378.00 "
5,12/31/2023,60,,USD," 1,222.00 "
5,12/31/2023,60,-31,USD," 42,312.00 "
5,12/31/2023,60,,USD," 9,486.00 "
5,12/31/2023,60,,USD," 22,156.00 "
5,12/31/2023,60,,USD," 5,885.00 "
5,12/31/2023,60,,USD," 72,929.92 "
5,12/31/2023,60,,USD," 242,760.00 "
5,12/31/2023,60,,USD," 12,350.40 "
5,12/31/2023,60,,USD," 246,688.28 "
5,12/31/2023,60,,USD," 250,128.00 "
5,12/31/2023,60,,USD," 271,780.00 "
5,12/31/2023,60,,USD," 26,785.00 "
5,12/31/2023,60,,USD," 114,880.00 "
5,12/31/2023,60,,USD, 748.00 
5,12/31/2023,60,,USD," 16,224.00 "
5,12/31/2023,60,,USD," 6,573.60 "
5,12/31/2023,60,,USD," 250,461.00 "
5,12/31/2023,60,-59,USD," -63,400.00 "
5,12/31/2023,60,,USD," 62,600.00 "
5,12/31/2023,60,,USD," 131,572.00 "
5,12/31/2023,60,,USD," 139,160.00 "
5,1/23/2024,60,-54,USD," -42,312.00 "
5,1/24/2024,60,,USD," 37,776.00 "
5,1/31/2024,60,,USD," 4,072,151.00 "
6,12/31/2023,30,-1,USD," 35,523.54 "
6,1/18/2024,30,,USD," 10,155.00 "
6,1/30/2024,30,,USD," 40,738.05 "
6,1/30/2024,30,,USD, 600.00 
6,1/30/2024,30,,USD," 4,985.00 "
7,12/28/2023,30,-16,USD," 8,057.50 "
7,12/31/2023,30,4,USD," 14,237.50 "
7,12/31/2023,30,-12,USD, 437.50 
7,12/31/2023,30,13,USD," 2,375.00 "
7,1/30/2024,30,,USD, 250.00 
8,10/30/2023,30,-1,USD," 520,949.00 "
8,10/30/2023,30,-1,USD," 23,100.00 "
8,10/30/2023,30,-1,USD," 46,500.00 "
8,10/31/2023,30,-2,USD," 73,916.00 "
8,10/31/2023,30,-2,USD," 68,629.16 "
8,10/31/2023,30,-2,USD," 72,763.64 "
8,10/31/2023,30,-2,USD," 75,299.92 "
8,10/31/2023,30,-2,USD," 31,000.00 "
8,11/30/2023,30,2,USD," 520,949.00 "
8,11/30/2023,30,2,USD," 23,100.00 "
8,11/30/2023,30,2,USD," 46,500.00 "
8,11/30/2023,30,2,USD," 20,000.00 "
8,11/30/2023,30,2,USD," 63,555.36 "
8,11/30/2023,30,2,USD," 67,386.50 "
8,11/30/2023,30,2,USD," 8,711.84 "
8,11/30/2023,30,2,USD," 61,751.72 "
8,11/30/2023,30,2,USD," 3,756.00 "
8,11/30/2023,30,2,USD," 8,711.84 "
8,11/30/2023,30,2,USD," 4,176.80 "
8,11/30/2023,30,2,USD," 4,176.80 "
8,11/30/2023,30,2,USD," 51,602.69 "
8,12/28/2023,30,4,USD," 520,949.00 "
8,12/28/2023,30,4,USD," 23,100.00 "
8,12/28/2023,30,4,USD," 46,500.00 "
8,12/31/2023,30,1,USD," 20,000.00 "
8,12/31/2023,30,1,USD," 38,972.50 "
8,12/31/2023,30,1,USD," 60,113.43 "
8,12/31/2023,30,1,USD," 59,827.00 "
8,12/31/2023,30,-30,USD," 76,333.33 "
8,12/31/2023,30,1,USD," 9,547.20 "
8,12/31/2023,30,1,USD," 9,547.20 "
8,12/31/2023,30,1,USD," 9,547.20 "
8,12/31/2023,30,1,USD," 9,547.20 "
8,12/31/2023,30,1,USD," 7,637.76 "
8,12/31/2023,30,1,USD," 60,718.16 "
8,12/31/2023,30,1,USD," 56,942.93 "
8,12/31/2023,30,1,USD," 44,159.01 "
8,12/31/2023,30,-30,USD," -76,333.33 "
8,12/31/2023,30,1,USD," 93,000.00 "
8,1/15/2024,30,,USD," 463,292.70 "
8,1/31/2024,30,,USD," 520,949.00 "
8,1/31/2024,30,,USD," 23,100.00 "
8,1/31/2024,30,,USD," 43,400.00 "
8,1/31/2024,30,,USD," 20,000.00 "
8,1/31/2024,30,,USD," 48,308.12 "
8,1/31/2024,30,,USD," 52,467.08 "
8,1/31/2024,30,,USD," 55,888.62 "
8,1/31/2024,30,,USD," 60,397.00 "
8,1/31/2024,30,,USD," 7,637.76 "
8,1/31/2024,30,,USD," 9,547.20 "
8,1/31/2024,30,,USD," 6,802.40 "
8,1/31/2024,30,,USD," 9,547.20 "
9,10/31/2023,60,4,USD," 97,152.00 "
9,11/30/2023,60,2,USD," 97,152.00 "
9,12/29/2023,60,,USD," 92,736.00 "
9,1/31/2024,60,,USD," 101,568.00 "
10,10/30/2023,30,-7,USD," 66,000.00 "
10,10/31/2023,30,-8,USD," 96,746.00 "
10,10/31/2023,30,-8,USD," 21,800.00 "
10,10/31/2023,30,-8,USD," 23,976.00 "
10,10/31/2023,30,-1,USD," 45,540.00 "
10,10/31/2023,30,-8,USD," 4,872.00 "
10,10/31/2023,30,-8,USD," 4,560.00 "
10,10/31/2023,30,-8,USD," 18,416.00 "
10,10/31/2023,30,-8,USD," 19,008.00 "
10,10/31/2023,30,-8,USD," 12,658.00 "
10,10/31/2023,30,-8,USD," 30,991.00 "
10,10/31/2023,30,-8,USD," 442,000.00 "
10,10/31/2023,30,-8,USD," 89,192.00 "
10,10/31/2023,30,-8,USD," 35,952.00 "
10,11/30/2023,30,-2,USD," 100,690.00 "
10,11/30/2023,30,-2,USD," 88,934.00 "
10,11/30/2023,30,-2,USD," 34,209.00 "
10,11/30/2023,30,-2,USD," 22,632.00 "
10,11/30/2023,30,-2,USD," 17,280.00 "
10,11/30/2023,30,-2,USD," 23,976.00 "
10,11/30/2023,30,-2,USD," 11,936.00 "
10,11/30/2023,30,-2,USD," 4,408.00 "
10,11/30/2023,30,-2,USD," 16,376.00 "
10,11/30/2023,30,4,USD," 7,584.00 "
10,11/30/2023,30,-2,USD," 60,720.00 "
10,11/30/2023,30,-2,USD," 442,000.00 "
10,12/28/2023,30,-3,USD," 75,436.00 "
10,12/28/2023,30,-3,USD," 31,836.00 "
10,12/28/2023,30,-3,USD," 21,104.00 "
10,12/28/2023,30,-3,USD," 19,980.00 "
10,12/28/2023,30,-3,USD," 9,992.00 "
10,12/28/2023,30,-3,USD," 4,408.00 "
10,12/28/2023,30,-3,USD," 13,824.00 "
10,12/28/2023,30,4,USD," 15,408.00 "
10,12/28/2023,30,-3,USD," 17,037.00 "
10,12/28/2023,30,4,USD," 90,176.00 "
10,12/28/2023,30,-3,USD," 442,000.00 "
10,12/31/2023,30,-6,USD," 15,180.00 "
10,1/31/2024,30,,USD," 77,416.00 "
10,1/31/2024,30,,USD," 18,144.00 "
10,1/31/2024,30,,USD," 87,216.00 "
10,1/31/2024,30,,USD," 35,313.00 "
10,1/31/2024,30,,USD," 14,908.00 "
10,1/31/2024,30,,USD," 18,480.00 "
10,1/31/2024,30,,USD," 16,200.00 "
10,1/31/2024,30,,USD," 16,369.00 "
10,1/31/2024,30,,USD," 4,752.00 "
10,1/31/2024,30,,USD," 558,334.00 "
10,1/31/2024,30,,USD," 5,880.00 "
10,1/31/2024,30,,USD," -558,334.00 "
10,1/31/2024,30,,USD," 558,334.00 "
11,10/31/2023,60,6,USD," 66,090.00 "
11,10/31/2023,60,-4,USD," 14,784.00 "
11,10/31/2023,60,,USD," 17,072.00 "
11,10/31/2023,60,11,USD," 3,848.00 "
11,10/31/2023,60,11,USD," 52,736.00 "
11,10/31/2023,60,,USD," 8,160.00 "
11,10/31/2023,60,,USD," 11,792.00 "
11,10/31/2023,60,,USD," 16,800.00 "
11,10/31/2023,60,,USD," 12,320.00 "
11,10/31/2023,60,-33,USD," 56,470.00 "
11,11/21/2023,60,-54,USD," -56,470.00 "
11,11/24/2023,60,-5,USD," 55,014.00 "
11,11/30/2023,60,-3,USD," 15,488.00 "
11,11/30/2023,60,-3,USD," 66,090.00 "
11,11/30/2023,60,-3,USD," 4,160.00 "
11,11/30/2023,60,,USD," 11,760.00 "
11,11/30/2023,60,-3,USD," 40,640.00 "
11,11/30/2023,60,,USD," 16,000.00 "
11,11/30/2023,60,,USD," 9,600.00 "
11,11/30/2023,60,,USD," 10,720.00 "
11,11/30/2023,60,,USD," 13,968.00 "
11,11/30/2023,60,-3,USD," 46,968.00 "
11,12/31/2023,60,,USD," 14,688.00 "
11,12/31/2023,60,,USD," 39,344.00 "
11,12/31/2023,60,,USD," 5,016.00 "
11,12/31/2023,60,,USD," 8,192.00 "
11,12/31/2023,60,,USD," 15,520.00 "
11,12/31/2023,60,,USD," 9,600.00 "
11,12/31/2023,60,,USD," 12,800.00 "
11,12/31/2023,60,,USD," 8,960.00 "
11,12/31/2023,60,,USD," 3,536.00 "
11,12/31/2023,60,,USD," 30,576.00 "
11,12/31/2023,60,,USD," 66,090.00 "
11,12/31/2023,60,,USD," 10,720.00 "
11,1/31/2024,60,,USD," 66,090.00 "
11,1/31/2024,60,,USD," 15,488.00 "
12,10/31/2023,45,26,USD," 23,761.60 "
12,10/31/2023,45,-3,USD," 19,552.00 "
12,10/31/2023,45,24,USD," 5,239.52 "
12,10/31/2023,45,24,USD," 5,544.00 "
12,10/31/2023,45,-3,USD," 274,828.72 "
12,10/31/2023,45,-3,USD," 34,298.72 "
12,10/31/2023,45,-3,USD," 26,121.28 "
12,10/31/2023,45,-3,USD," 19,982.24 "
12,10/31/2023,45,-3,USD," 21,638.02 "
12,10/31/2023,45,-3,USD," 80,814.08 "
12,10/31/2023,45,-3,USD," 31,994.88 "
12,10/31/2023,45,-39,USD," 71,316.16 "
12,10/31/2023,45,24,USD," 96,118.52 "
12,10/31/2023,45,-3,USD," 17,885.70 "
12,10/31/2023,45,-3,USD," 50,100.00 "
12,10/31/2023,45,-3,USD," 17,885.70 "
12,10/31/2023,45,-3,USD," 11,088.00 "
12,10/31/2023,45,24,USD," 20,640.00 "
12,10/31/2023,45,35,USD," 48,840.24 "
12,10/31/2023,45,-3,USD," 6,144.60 "
12,10/31/2023,45,56,USD," 6,160.00 "
12,10/31/2023,45,56,USD," 6,160.00 "
12,10/31/2023,45,56,USD," 35,978.00 "
12,10/31/2023,45,50,USD," 4,662.00 "
12,10/31/2023,45,56,USD," 49,467.00 "
12,10/31/2023,45,56,USD," 46,567.00 "
12,10/31/2023,45,56,USD," 6,160.00 "
12,10/31/2023,45,56,USD," 22,564.00 "
12,10/31/2023,45,56,USD," 81,130.00 "
12,10/31/2023,45,56,USD," 7,231.00 "
12,10/31/2023,45,56,USD," 17,624.00 "
12,10/31/2023,45,24,USD," 4,930.00 "
12,10/31/2023,45,56,USD," 81,185.00 "
12,10/31/2023,45,56,USD," 31,705.00 "
12,10/31/2023,45,56,USD," 25,881.00 "
12,11/30/2023,45,-6,USD," 91,081.12 "
12,11/30/2023,45,-6,USD," 31,362.60 "
12,11/30/2023,45,-6,USD," 11,138.40 "
12,11/30/2023,45,-4,USD," 23,761.60 "
12,11/30/2023,45,-6,USD," 6,144.60 "
12,11/30/2023,45,-6,USD," 51,546.88 "
12,11/30/2023,45,-6,USD," 49,374.40 "
12,11/30/2023,45,-6,USD," 5,544.00 "
12,11/30/2023,45,-6,USD," 412,135.36 "
12,11/30/2023,45,-6,USD," 34,298.72 "
12,11/30/2023,45,-6,USD," 26,121.28 "
12,11/30/2023,45,-6,USD," 80,814.08 "
12,11/30/2023,45,26,USD," 46,292.00 "
12,11/30/2023,45,26,USD," 13,321.00 "
12,11/30/2023,45,26,USD," 19,531.00 "
12,11/30/2023,45,26,USD," 6,160.00 "
12,12/31/2023,45,-5,USD," 6,468.00 "
12,12/31/2023,45,-5,USD," 23,761.60 "
12,12/31/2023,45,-5,USD," 51,546.88 "
12,12/31/2023,45,-5,USD," 20,640.00 "
12,12/31/2023,45,-5,USD," 21,588.00 "
12,12/31/2023,45,-5,USD," 8,316.00 "
12,12/31/2023,45,-5,USD," 398,748.98 "
12,12/31/2023,45,-5,USD," 34,298.72 "
12,12/31/2023,45,-5,USD," 23,934.08 "
12,12/31/2023,45,-5,USD," 80,814.08 "
12,12/31/2023,45,,USD," 7,421.48 "
12,12/31/2023,45,-5,USD," 31,362.60 "
12,12/31/2023,45,-5,USD," 9,744.00 "
12,12/31/2023,45,-5,USD," 4,928.00 "
12,12/31/2023,45,-5,USD," 4,866.00 "
12,12/31/2023,45,-5,USD," 64,244.00 "
12,1/31/2024,45,,USD," 66,964.40 "
12,1/31/2024,45,,USD," 8,854.80 "
12,1/31/2024,45,,USD," 80,814.08 "
13,10/31/2023,30,-9,USD," 71,104.00 "
13,10/31/2023,30,-9,USD," 109,872.00 "
13,10/31/2023,30,34,USD," 22,176.00 "
13,11/30/2023,30,2,USD," 19,152.00 "
13,11/30/2023,30,-8,USD," 95,760.00 "
13,11/30/2023,30,-8,USD," 61,408.00 "
13,12/31/2023,30,-1,USD," 59,600.00 "
13,12/31/2023,30,-1,USD," 100,422.00 "
13,12/31/2023,30,-8,USD," 16,506.00 "
13,1/31/2024,30,,USD," 66,656.00 "
13,1/31/2024,30,,USD," 102,816.00 "
13,1/31/2024,30,,USD," 19,152.00 "
13,1/31/2024,30,,USD," 5,040.00 "
14,10/17/2023,30,-30,USD," 64,772.50 "
14,10/18/2023,30,-29,USD," 34,877.00 "
14,10/25/2023,30,-30,USD," 87,692.00 "
14,10/30/2023,30,-29,USD," 8,075.89 "
14,10/30/2023,30,-29,USD, 498.24 
14,10/31/2023,30,,USD," 13,760.00 "
14,10/31/2023,30,56,USD," 26,407.25 "
14,10/31/2023,30,56,USD," 24,553.76 "
14,10/31/2023,30,-6,USD," 181,934.78 "
14,10/31/2023,30,-6,USD," 188,517.50 "
14,10/31/2023,30,-6,USD," 189,718.23 "
14,10/31/2023,30,-6,USD," 171,359.65 "
14,10/31/2023,30,56,USD," 10,961.28 "
14,10/31/2023,30,-6,USD," 14,947.50 "
14,10/31/2023,30,-6,USD," 14,948.00 "
14,10/31/2023,30,-6,USD," 19,930.00 "
14,10/31/2023,30,,USD, 94.17 
14,11/21/2023,30,-27,USD," 43,846.00 "
14,11/22/2023,30,-28,USD," 97,158.75 "
14,11/22/2023,30,-28,USD," 35,874.00 "
14,11/24/2023,30,32,USD," 10,523.04 "
14,11/30/2023,30,,USD," 13,760.00 "
14,11/30/2023,30,26,USD," 28,898.50 "
14,11/30/2023,30,26,USD," 192,086.63 "
14,11/30/2023,30,26,USD," 144,304.04 "
14,11/30/2023,30,26,USD," 175,467.01 "
14,11/30/2023,30,26,USD," 46,835.50 "
14,11/30/2023,30,26,USD," 189,916.58 "
14,11/30/2023,30,,USD," 7,473.60 "
14,11/30/2023,30,,USD, 75.00 
14,12/13/2023,30,,USD, 350.00 
14,12/13/2023,30,,USD, 150.00 
14,12/13/2023,30,13,USD," 226,703.75 "
14,12/18/2023,30,,USD," 125,227.00 "
14,12/21/2023,30,,USD, 75.00 
14,12/21/2023,30,5,USD," 46,835.50 "
14,12/21/2023,30,,USD," 23,417.75 "
14,12/31/2023,30,,USD," 13,760.00 "
14,12/31/2023,30,-5,USD," 192,543.81 "
14,12/31/2023,30,-5,USD," 188,031.43 "
14,12/31/2023,30,-5,USD," 172,167.07 "
14,12/31/2023,30,-5,USD," 113,659.20 "
14,12/31/2023,30,-5,USD," 71,612.00 "
14,12/31/2023,30,,USD," 9,964.80 "
14,12/31/2023,30,-5,USD," 178,892.71 "
14,1/31/2024,30,,USD," 50,024.30 "
14,1/31/2024,30,,USD," 153,931.52 "
14,1/31/2024,30,,USD," 188,771.63 "
14,1/31/2024,30,,USD," 160,616.38 "
14,1/31/2024,30,,USD," 175,822.59 "
14,1/31/2024,30,,USD," 13,760.00 "
14,1/31/2024,30,,USD," 10,836.72 "
15,10/31/2023,30,7,USD," 9,499.00 "
15,10/31/2023,30,7,USD," 5,560.47 "
15,11/30/2023,30,-16,USD," 5,585.70 "
15,11/30/2023,30,-16,USD," 4,749.50 "
15,12/15/2023,30,8,USD," 2,750.50 "
15,12/31/2023,30,,USD," 3,216.29 "
16,10/31/2023,30,7,USD," 670,986.97 "
16,10/31/2023,30,36,USD," 20,900.00 "
16,10/31/2023,30,-1,USD," 18,433.80 "
16,11/30/2023,30,-3,USD," 17,556.00 "
16,11/30/2023,30,12,USD," 19,855.00 "
16,11/30/2023,30,-3,USD," 619,113.60 "
16,12/31/2023,30,-1,USD," 600,689.41 "
16,12/31/2023,30,,USD," 17,556.00 "
16,12/31/2023,30,,USD," 20,900.00 "
16,1/31/2024,30,,USD," 662,633.88 "
16,1/31/2024,30,,USD," 21,945.00 "
16,1/31/2024,30,,USD," 18,433.80 "
17,10/31/2023,60,17,USD," 25,400.00 "
17,10/31/2023,60,19,USD," 17,640.00 "
17,10/31/2023,60,17,USD," 5,015.00 "
17,10/31/2023,60,17,USD," 37,930.00 "
17,10/31/2023,60,25,USD," 4,845.00 "
17,10/31/2023,60,17,USD," 10,230.00 "
17,10/31/2023,60,17,USD," 15,432.50 "
17,10/31/2023,60,20,USD," 1,272.00 "
17,10/31/2023,60,20,USD, 212.00 
17,11/30/2023,60,,USD," 23,306.00 "
17,11/30/2023,60,15,USD," 18,300.00 "
17,11/30/2023,60,15,USD," 11,840.00 "
17,11/30/2023,60,15,USD," 6,195.00 "
17,11/30/2023,60,15,USD," 36,796.00 "
17,11/30/2023,60,17,USD," 15,960.00 "
17,12/26/2023,60,,USD," 23,194.00 "
17,12/28/2023,60,,USD," 18,514.50 "
17,12/28/2023,60,,USD," 12,377.50 "
17,12/31/2023,60,,USD," 35,480.00 "
17,12/31/2023,60,,USD," 4,720.00 "
17,12/31/2023,60,,USD," 13,440.00 "
17,1/31/2024,60,,USD," 37,592.00 "
17,1/31/2024,60,,USD," 6,195.00 "
17,1/31/2024,60,,USD," 15,960.00 "
18,10/31/2023,45,-15,USD," 38,569.00 "
18,10/31/2023,45,-15,USD," 4,928.00 "
18,10/31/2023,45,-15,USD," 7,120.00 "
18,11/30/2023,45,-9,USD," 4,704.00 "
18,11/30/2023,45,-9,USD," 39,100.00 "
18,12/31/2023,45,-5,USD," 35,634.00 "
18,12/31/2023,45,-5,USD," 3,808.00 "
19,10/31/2023,15,15,USD," 75,311.54 "
19,11/30/2023,15,-2,USD," 58,083.54 "
19,12/31/2023,15,10,USD," 54,618.84 "
19,1/31/2024,15,,USD," 80,246.74 "
20,10/31/2023,30,7,USD," 25,076.50 "
20,10/31/2023,30,7,USD," 7,756.80 "
20,10/31/2023,30,7,USD," 16,720.00 "
20,10/31/2023,30,7,USD," 16,973.46 "
20,10/31/2023,30,7,USD," 7,680.00 "
20,10/31/2023,30,7,USD," 13,680.00 "
20,10/31/2023,30,,USD," 15,867.50 "
20,10/31/2023,30,7,USD," 4,914.00 "
20,10/31/2023,30,7,USD," 14,080.00 "
20,10/31/2023,30,7,USD," 16,845.84 "
20,10/31/2023,30,7,USD," 13,760.00 "
20,10/31/2023,30,7,USD," 12,800.00 "
20,10/31/2023,30,7,USD," 14,080.00 "
20,10/31/2023,30,7,USD," 14,960.00 "
20,10/31/2023,30,7,USD," 16,720.00 "
20,10/31/2023,30,-21,USD," 16,720.00 "
20,10/31/2023,30,7,USD," 9,880.00 "
20,10/31/2023,30,7,USD," 5,040.00 "
20,10/31/2023,30,7,USD," 10,374.00 "
20,10/31/2023,30,7,USD," 10,395.00 "
20,10/31/2023,30,,USD," 21,681.00 "
20,10/31/2023,30,7,USD," 25,596.00 "
20,10/31/2023,30,7,USD," 16,042.50 "
20,10/31/2023,30,7,USD," 5,400.00 "
20,10/31/2023,30,7,USD," 5,940.00 "
20,10/31/2023,30,-22,USD," 5,985.00 "
20,10/31/2023,30,,USD," 5,985.00 "
20,10/31/2023,30,7,USD," 39,690.00 "
20,10/31/2023,30,-22,USD," 2,646.00 "
20,10/31/2023,30,-22,USD," 2,646.00 "
20,10/31/2023,30,-22,USD," 2,086.00 "
20,10/31/2023,30,-22,USD," 2,394.00 "
20,10/31/2023,30,18,USD," 2,112.00 "
20,10/31/2023,30,18,USD," 15,360.00 "
20,10/31/2023,30,5,USD," 2,112.00 "
20,10/31/2023,30,18,USD," 2,112.00 "
20,10/31/2023,30,18,USD," 2,112.00 "
20,10/31/2023,30,18,USD," 2,112.00 "
20,11/16/2023,30,22,USD," 6,534.00 "
20,11/30/2023,30,8,USD," 13,680.00 "
20,11/30/2023,30,8,USD," 15,761.07 "
20,11/30/2023,30,8,USD," 14,440.00 "
20,11/30/2023,30,8,USD," 12,800.00 "
20,11/30/2023,30,8,USD," 15,697.26 "
20,11/30/2023,30,8,USD," 13,120.00 "
20,11/30/2023,30,,USD," 15,455.00 "
20,11/30/2023,30,10,USD," 4,680.00 "
20,11/30/2023,30,10,USD," 5,544.00 "
20,11/30/2023,30,10,USD," 7,878.00 "
20,11/30/2023,30,10,USD," 10,340.00 "
20,11/30/2023,30,10,USD," 21,411.00 "
20,11/30/2023,30,10,USD," 24,102.50 "
20,11/30/2023,30,10,USD," 15,682.50 "
20,11/30/2023,30,10,USD," 5,670.00 "
20,11/30/2023,30,10,USD," 6,000.00 "
20,11/30/2023,30,-18,USD," 11,840.00 "
20,11/30/2023,30,10,USD," 2,016.00 "
20,11/30/2023,30,10,USD," 2,016.00 "
20,11/30/2023,30,10,USD," 9,775.00 "
20,11/30/2023,30,10,USD," 3,655.00 "
20,11/30/2023,30,10,USD," 14,250.00 "
20,11/30/2023,30,10,USD," 13,760.00 "
20,11/30/2023,30,-18,USD," 16,340.00 "
20,11/30/2023,30,-15,USD," 15,200.00 "
20,11/30/2023,30,,USD," 25,886.90 "
20,11/30/2023,30,10,USD," 15,580.00 "
20,11/30/2023,30,-18,USD," 5,985.00 "
20,11/30/2023,30,,USD," 5,985.00 "
20,11/30/2023,30,-18,USD," 2,394.00 "
20,11/30/2023,30,-18,USD," 2,772.00 "
20,11/30/2023,30,-18,USD," 2,394.00 "
20,11/30/2023,30,-18,USD," 2,394.00 "
20,11/30/2023,30,10,USD," 37,314.00 "
20,11/30/2023,30,10,USD," 2,016.00 "
20,11/30/2023,30,10,USD," 2,016.00 "
20,12/14/2023,30,24,USD," 5,643.00 "
20,12/31/2023,30,7,USD," 1,920.00 "
20,12/31/2023,30,7,USD," 12,920.00 "
20,12/31/2023,30,7,USD," 15,200.00 "
20,12/31/2023,30,7,USD," 12,160.00 "
20,12/31/2023,30,7,USD," 15,314.40 "
20,12/31/2023,30,7,USD," 12,800.00 "
20,12/31/2023,30,7,USD," 2,112.00 "
20,12/31/2023,30,-30,USD," 17,517.50 "
20,12/31/2023,30,-30,USD," -17,517.50 "
20,12/31/2023,30,-20,USD," 2,016.00 "
20,12/31/2023,30,7,USD," 1,968.00 "
20,12/31/2023,30,7,USD," 1,920.00 "
20,12/31/2023,30,7,USD," 1,920.00 "
20,12/31/2023,30,7,USD," 1,920.00 "
20,12/31/2023,30,7,USD," 1,920.00 "
20,12/31/2023,30,7,USD," 1,920.00 "
20,12/31/2023,30,-20,USD," 1,920.00 "
20,12/31/2023,30,,USD," 26,515.00 "
20,12/31/2023,30,7,USD," 16,165.20 "
20,12/31/2023,30,7,USD," 4,680.00 "
20,12/31/2023,30,7,USD," 5,040.00 "
20,12/31/2023,30,7,USD," 8,892.00 "
20,12/31/2023,30,7,USD," 10,010.00 "
20,12/31/2023,30,7,USD," 20,929.50 "
20,12/31/2023,30,7,USD," 13,600.00 "
20,12/31/2023,30,7,USD, 510.00 
20,12/31/2023,30,7,USD," 13,870.00 "
20,12/31/2023,30,-21,USD," 12,920.00 "
20,12/31/2023,30,-20,USD," 15,960.00 "
20,12/31/2023,30,7,USD," 15,200.00 "
20,12/31/2023,30,-21,USD," 11,840.00 "
20,12/31/2023,30,7,USD," 26,532.00 "
20,12/31/2023,30,7,USD," 13,627.50 "
20,12/31/2023,30,7,USD," 5,400.00 "
20,12/31/2023,30,7,USD," 6,000.00 "
20,12/31/2023,30,7,USD," 5,940.00 "
20,12/31/2023,30,-21,USD," 6,300.00 "
20,12/31/2023,30,,USD," 3,150.00 "
20,12/31/2023,30,7,USD," 39,690.00 "
20,12/31/2023,30,-21,USD," 2,394.00 "
20,12/31/2023,30,-21,USD," 2,646.00 "
20,12/31/2023,30,-21,USD," 2,268.00 "
20,12/31/2023,30,-21,USD," 2,268.00 "
20,12/31/2023,30,7,USD," 12,800.00 "
20,1/31/2024,30,-18,USD," 4,158.00 "
20,1/31/2024,30,-18,USD," 7,128.00 "
20,1/31/2024,30,-18,USD," 5,940.00 "
20,1/31/2024,30,,USD," 16,973.46 "
20,1/31/2024,30,,USD," 15,960.00 "
20,1/31/2024,30,,USD," 13,440.00 "
20,1/31/2024,30,,USD," 16,080.12 "
20,1/31/2024,30,,USD," 11,520.00 "
20,1/31/2024,30,-18,USD," 12,800.00 "
20,1/31/2024,30,,USD," 15,960.00 "
20,1/31/2024,30,-18,USD," 9,880.00 "
20,1/31/2024,30,-18,USD," 15,960.00 "
20,1/31/2024,30,,USD," 17,480.00 "
20,1/31/2024,30,,USD," 3,744.00 "
20,1/31/2024,30,,USD," 5,292.00 "
20,1/31/2024,30,,USD," 8,892.00 "
20,1/31/2024,30,,USD," 10,642.50 "
20,1/31/2024,30,,USD," 22,432.50 "
20,1/31/2024,30,,USD," 28,221.25 "
20,1/31/2024,30,-18,USD," 5,985.00 "
20,1/31/2024,30,,USD," 13,365.00 "
20,1/31/2024,30,,USD," 5,400.00 "
20,1/31/2024,30,,USD," 6,270.00 "
20,1/31/2024,30,-18,USD," 6,237.00 "
20,1/31/2024,30,-18,USD," 2,646.00 "
20,1/31/2024,30,,USD," 6,300.00 "
20,1/31/2024,30,-18,USD," 2,646.00 "
20,1/31/2024,30,-18,USD," 2,646.00 "
20,1/31/2024,30,,USD," 39,690.00 "
20,1/31/2024,30,-18,USD," 2,646.00 "
20,1/31/2024,30,,USD," 2,016.00 "
20,1/31/2024,30,,USD," 2,016.00 "
20,1/31/2024,30,,USD," 2,016.00 "
20,1/31/2024,30,,USD," 2,016.00 "
20,1/31/2024,30,,USD," 2,016.00 "
20,1/31/2024,30,,USD," 13,120.00 "
20,1/31/2024,30,,USD," 2,016.00 "
20,1/31/2024,30,,USD," 27,520.80 "
20,1/31/2024,30,,USD," 1,257.50 "
21,10/31/2023,45,12,USD," 27,940.00 "
21,10/31/2023,45,24,USD," 159,700.00 "
21,10/31/2023,45,12,USD," 19,360.00 "
21,10/31/2023,45,12,USD," 40,480.00 "
21,10/31/2023,45,12,USD," 18,400.00 "
21,10/31/2023,45,12,USD," 99,440.00 "
21,10/31/2023,45,12,USD," 26,048.00 "
21,11/30/2023,45,18,USD," 55,200.00 "
21,11/30/2023,45,20,USD," 145,036.00 "
21,11/30/2023,45,25,USD," 32,498.40 "
21,11/30/2023,45,18,USD," 26,384.00 "
21,11/30/2023,45,18,USD," 105,240.00 "
21,12/31/2023,45,,USD," 145,298.00 "
21,12/31/2023,45,,USD," 86,080.00 "
21,12/31/2023,45,,USD," 48,760.00 "
21,12/31/2023,45,,USD," 28,221.60 "
21,12/31/2023,45,,USD," 25,712.00 "
21,1/31/2024,45,,USD," 19,360.00 "
21,1/31/2024,45,,USD," 79,200.00 "
21,1/31/2024,45,,USD," 161,840.00 "
21,1/31/2024,45,,USD," 31,759.20 "
21,1/31/2024,45,,USD," 58,880.00 "
21,1/31/2024,45,,USD," 28,384.00 "
22,10/31/2023,30,-16,USD," 42,000.00 "
22,11/30/2023,30,-19,USD," 42,000.00 "
22,12/31/2023,30,,USD," 42,000.00 "
22,1/31/2024,30,,USD," 43,470.00 "
23,10/31/2023,30,-13,USD," 40,883.76 "
23,11/30/2023,30,13,USD," 40,883.76 "
23,12/31/2023,30,-11,USD," 40,883.76 "
24,10/31/2023,45,,USD," 49,209.60 "
24,10/31/2023,45,,USD," 24,780.80 "
24,11/30/2023,45,,USD," 46,124.80 "
24,11/30/2023,45,,USD," 27,878.40 "
24,12/31/2023,45,,USD," 25,344.00 "
24,12/31/2023,45,,USD," 42,828.00 "
24,1/31/2024,45,,USD," 26,611.20 "
24,1/31/2024,45,,USD," 44,740.00 "
25,10/31/2023,30,14,USD," 2,000.00 "
25,11/30/2023,30,-19,USD," 2,000.00 "
25,12/31/2023,30,4,USD," 2,000.00 "
25,1/31/2024,30,,USD," 2,000.00 "
26,10/31/2023,40,31,USD," 1,358.00 "
26,10/31/2023,40,31,USD, 543.20 
26,10/31/2023,40,31,USD," 1,358.00 "
26,10/31/2023,40,31,USD," 1,358.00 "
26,10/31/2023,40,31,USD," 1,358.00 "
26,10/31/2023,40,31,USD," 1,562.40 "
26,10/31/2023,40,31,USD," 1,562.40 "
26,10/31/2023,40,31,USD," 2,910.00 "
26,10/31/2023,40,31,USD," 2,910.00 "
26,10/31/2023,40,31,USD," 2,910.00 "
26,10/31/2023,40,31,USD," 1,164.00 "
26,10/31/2023,40,31,USD," 2,910.00 "
26,10/31/2023,40,31,USD," 1,243.20 "
26,10/31/2023,40,31,USD," 1,243.20 "
26,10/31/2023,40,31,USD," 1,243.20 "
26,10/31/2023,40,31,USD," 1,243.20 "
26,10/31/2023,40,31,USD, 497.28 
26,10/31/2023,40,31,USD," 2,762.56 "
26,10/31/2023,40,31,USD," 3,453.20 "
26,10/31/2023,40,31,USD," 3,453.20 "
26,10/31/2023,40,31,USD," 3,453.20 "
26,10/31/2023,40,31,USD," 1,381.28 "
26,10/31/2023,40,31,USD," 2,328.00 "
26,10/31/2023,40,31,USD," 5,820.00 "
26,10/31/2023,40,31,USD," 5,820.00 "
26,10/31/2023,40,31,USD," 5,820.00 "
26,10/31/2023,40,31,USD," 4,656.00 "
26,10/31/2023,40,31,USD," 3,686.00 "
26,10/31/2023,40,31,USD," 3,040.95 "
26,10/31/2023,40,31,USD," 3,686.00 "
26,10/31/2023,40,31,USD," 3,686.00 "
26,10/31/2023,40,31,USD," 1,474.40 "
26,10/31/2023,40,47,USD," 49,178.90 "
26,11/30/2023,40,32,USD," 2,328.00 "
26,11/30/2023,40,17,USD," 2,910.00 "
26,11/30/2023,40,1,USD," 2,910.00 "
26,11/30/2023,40,1,USD," 1,746.00 "
26,11/30/2023,40,17,USD, 745.92 
26,11/30/2023,40,17,USD," 1,243.20 "
26,11/30/2023,40,1,USD," 1,243.20 "
26,11/30/2023,40,1,USD, 745.92 
26,11/30/2023,40,17,USD," 1,243.20 "
26,11/30/2023,40,32,USD," 4,656.00 "
26,11/30/2023,40,17,USD," 4,656.00 "
26,11/30/2023,40,17,USD," 5,820.00 "
26,11/30/2023,40,1,USD," 5,820.00 "
26,11/30/2023,40,1,USD," 3,492.00 "
26,11/30/2023,40,32,USD," 2,211.60 "
26,11/30/2023,40,17,USD," 2,211.60 "
26,11/30/2023,40,1,USD," 1,474.40 "
26,11/30/2023,40,17,USD," 3,686.00 "
26,11/30/2023,40,1,USD," 3,686.00 "
26,11/30/2023,40,17,USD," 2,910.00 "
26,11/30/2023,40,1,USD," 2,071.92 "
26,11/30/2023,40,1,USD," 3,453.20 "
26,11/30/2023,40,32,USD," 2,762.56 "
26,11/30/2023,40,17,USD," 3,453.20 "
26,11/30/2023,40,17,USD," 2,762.56 "
26,11/30/2023,40,17,USD," 37,443.90 "
26,11/30/2023,40,1,USD," 1,358.00 "
26,11/30/2023,40,1,USD, 814.80 
26,11/30/2023,40,23,USD," 96,000.00 "
26,12/31/2023,40,,USD," 2,910.00 "
26,12/31/2023,40,1,USD," 2,910.00 "
26,12/31/2023,40,1,USD, 582.00 
26,12/31/2023,40,,USD," 2,910.00 "
26,12/31/2023,40,,USD," 2,910.00 "
26,12/31/2023,40,,USD," 1,243.20 "
26,12/31/2023,40,,USD, 994.56 
26,12/31/2023,40,-14,USD," 1,358.00 "
26,12/31/2023,40,1,USD," 1,188.26 "
26,12/31/2023,40,1,USD, 271.60 
26,12/31/2023,40,1,USD," 1,358.00 "
26,12/31/2023,40,,USD," 1,612.65 "
26,12/31/2023,40,,USD," 1,290.10 "
26,12/31/2023,40,,USD," 1,358.00 "
26,12/31/2023,40,-14,USD," 1,612.65 "
26,12/31/2023,40,1,USD," 3,686.00 "
26,12/31/2023,40,,USD," 3,686.00 "
26,12/31/2023,40,,USD," 3,686.00 "
26,12/31/2023,40,,USD," 2,948.80 "
26,12/31/2023,40,1,USD, 737.20 
26,12/31/2023,40,1,USD," 1,164.00 "
26,12/31/2023,40,1,USD," 2,328.00 "
26,12/31/2023,40,,USD," 5,820.00 "
26,12/31/2023,40,,USD," 5,820.00 "
26,12/31/2023,40,,USD," 66,623.90 "
26,12/31/2023,40,1,USD, 690.64 
26,12/31/2023,40,,USD," 3,453.20 "
26,12/31/2023,40,,USD," 3,453.20 "
26,12/31/2023,40,,USD," 3,453.20 "
26,12/31/2023,40,,USD," 2,762.56 "
26,1/19/2024,40,-18,USD, 737.20 
26,1/19/2024,40,,USD, 737.20 
26,1/31/2024,40,,USD," 2,211.60 "
26,1/31/2024,40,,USD," 3,686.00 "
26,1/31/2024,40,,USD," 2,948.80 "
26,1/31/2024,40,,USD," 2,948.80 "
26,1/31/2024,40,,USD," 3,686.00 "
26,1/31/2024,40,,USD," 4,656.00 "
26,1/31/2024,40,,USD," 4,656.00 "
26,1/31/2024,40,,USD," 5,820.00 "
26,1/31/2024,40,,USD," 5,820.00 "
26,1/31/2024,40,,USD," 2,071.92 "
26,1/31/2024,40,,USD," 3,492.00 "
26,1/31/2024,40,,USD," 3,453.20 "
26,1/31/2024,40,,USD," 3,453.20 "
26,1/31/2024,40,,USD," 3,453.20 "
26,1/31/2024,40,,USD," 48,883.90 "
26,1/31/2024,40,,USD," 2,762.56 "
26,1/31/2024,40,,USD," 1,243.20 "
26,1/31/2024,40,,USD," 1,243.20 "
26,1/31/2024,40,,USD," 1,243.20 "
26,1/31/2024,40,,USD," 1,149.96 "
26,1/31/2024,40,,USD, 745.92 
26,1/31/2024,40,,USD," 2,910.00 "
26,1/31/2024,40,,USD," 2,910.00 "
26,1/31/2024,40,,USD," 2,910.00 "
26,1/31/2024,40,,USD," 2,910.00 "
26,1/31/2024,40,,USD," 1,746.00 "
26,1/31/2024,40,,USD," 1,290.10 "
26,1/31/2024,40,,USD," 1,663.58 "
26,1/31/2024,40,,USD, 984.55 
26,1/31/2024,40,,USD," 1,290.10 "
26,1/31/2024,40,,USD, 950.60 
27,12/20/2023,30,,USD," 8,750.00 "
28,10/31/2023,45,-23,USD," 4,800.00 "
28,10/31/2023,45,-23,USD," 4,800.00 "
28,10/31/2023,45,-23,USD," 4,800.00 "
28,10/31/2023,45,-23,USD," 4,800.00 "
28,10/31/2023,45,-23,USD," 4,800.00 "
28,10/31/2023,45,-23,USD," 4,800.00 "
28,10/31/2023,45,-23,USD," 1,280.00 "
28,10/31/2023,45,-23,USD," 1,024.00 "
28,10/31/2023,45,-23,USD," 1,280.00 "
28,10/31/2023,45,-23,USD," 1,024.00 "
28,10/31/2023,45,-23,USD," 1,280.00 "
28,10/31/2023,45,-23,USD," 4,284.00 "
28,10/31/2023,45,-23,USD," 4,284.00 "
28,10/31/2023,45,0,USD," 4,284.00 "
28,10/31/2023,45,-23,USD, 856.80 
28,10/31/2023,45,0,USD," 4,284.00 "
28,10/31/2023,45,0,USD," 4,284.00 "
28,10/31/2023,45,-23,USD," 1,054.72 "
28,10/31/2023,45,-23,USD," 1,318.40 "
28,10/31/2023,45,-23,USD," 5,100.00 "
28,10/31/2023,45,-23,USD," 5,100.00 "
28,10/31/2023,45,0,USD," 4,284.00 "
28,10/31/2023,45,0,USD," 4,284.00 "
28,10/31/2023,45,-23,USD," 3,600.00 "
28,10/31/2023,45,-23,USD," 3,600.00 "
28,10/31/2023,45,-23,USD," 3,600.00 "
28,10/31/2023,45,-23,USD, 593.28 
28,10/31/2023,45,-23,USD, 791.04 
28,10/31/2023,45,-23,USD, 988.80 
28,10/31/2023,45,-23,USD, 988.80 
28,10/31/2023,45,-23,USD," 1,112.40 "
28,10/31/2023,45,-23,USD," 1,112.40 "
28,10/31/2023,45,-23,USD," 1,112.40 "
28,10/31/2023,45,-23,USD, 519.12 
28,10/31/2023,45,-23,USD, 865.20 
28,10/31/2023,45,-23,USD, 865.20 
28,10/31/2023,45,-23,USD, 791.04 
28,10/31/2023,45,-23,USD, 988.80 
28,10/31/2023,45,-23,USD, 750.72 
28,10/31/2023,45,-23,USD," 3,753.60 "
28,10/31/2023,45,-23,USD," 3,753.60 "
28,10/31/2023,45,0,USD," 3,753.60 "
28,10/31/2023,45,0,USD, 692.16 
28,10/31/2023,45,0,USD," 12,480.00 "
28,10/31/2023,45,0,USD," 25,408.00 "
28,10/31/2023,45,0,USD," 13,872.00 "
28,10/31/2023,45,45,USD," 15,014.40 "
28,10/31/2023,45,0,USD," 30,033.60 "
28,10/31/2023,45,0,USD," 32,659.20 "
28,10/31/2023,45,0,USD," 17,136.00 "
28,10/31/2023,45,0,USD," 3,955.20 "
28,10/31/2023,45,-23,USD," 170,454.00 "
28,10/31/2023,45,40,USD," 58,947.20 "
28,10/31/2023,45,40,USD," 3,460.80 "
28,10/31/2023,45,40,USD," 73,920.00 "
28,10/31/2023,45,0,USD," 71,532.80 "
28,10/31/2023,45,0,USD," 116,897.60 "
28,10/31/2023,45,0,USD," 230,364.15 "
28,10/31/2023,45,0,USD," 3,235.85 "
28,10/31/2023,45,0,USD," 119,211.07 "
28,10/31/2023,45,0,USD," 11,609.60 "
28,10/31/2023,45,45,USD," 2,252.16 "
28,10/31/2023,45,0,USD, 922.88 
28,10/31/2023,45,0,USD," 1,153.60 "
28,10/31/2023,45,0,USD," 1,153.60 "
28,10/31/2023,45,0,USD," 23,401.60 "
28,10/31/2023,45,45,USD," 67,946.67 "
28,10/31/2023,45,40,USD," 52,933.12 "
28,10/31/2023,45,40,USD," 102,680.31 "
28,10/31/2023,45,0,USD," 33,902.71 "
28,10/31/2023,45,40,USD," 66,019.88 "
28,10/31/2023,45,40,USD," 30,524.34 "
28,10/31/2023,45,0,USD," 33,327.64 "
28,10/31/2023,45,47,USD," 34,451.28 "
28,10/31/2023,45,40,USD," 143,629.44 "
28,10/31/2023,45,47,USD," 27,294.54 "
28,10/31/2023,45,40,USD," 26,134.10 "
28,10/31/2023,45,40,USD," 17,269.78 "
28,10/31/2023,45,40,USD," 13,874.78 "
28,10/31/2023,45,40,USD," 4,241.70 "
28,10/31/2023,45,0,USD," 99,591.88 "
28,10/31/2023,45,0,USD," 82,065.96 "
28,10/31/2023,45,0,USD, 791.04 
28,10/31/2023,45,0,USD," 4,800.00 "
28,10/31/2023,45,0,USD, 988.80 
28,10/31/2023,45,0,USD, 988.80 
28,10/31/2023,45,0,USD, 791.04 
28,10/31/2023,45,0,USD, 889.92 
28,10/31/2023,45,0,USD," 3,753.60 "
28,10/31/2023,45,0,USD," 3,753.60 "
28,10/31/2023,45,0,USD," 3,753.60 "
28,10/31/2023,45,0,USD," 3,753.60 "
28,10/31/2023,45,-23,USD," 9,000.00 "
28,10/31/2023,45,0,USD," 7,875.00 "
28,10/31/2023,45,40,USD," 47,797.14 "
28,10/31/2023,45,0,USD," 14,688.00 "
28,10/31/2023,45,0,USD," 5,800.96 "
28,10/31/2023,45,40,USD," 19,749.56 "
28,10/31/2023,45,0,USD," 9,228.80 "
28,10/31/2023,45,0,USD," 5,273.60 "
28,10/31/2023,45,40,USD," 43,261.64 "
28,10/31/2023,45,40,USD," 21,196.51 "
28,10/31/2023,45,0,USD," 9,000.00 "
28,10/31/2023,45,0,USD," 9,000.00 "
28,10/31/2023,45,0,USD," 9,000.00 "
28,10/31/2023,45,0,USD," 9,000.00 "
28,10/31/2023,45,0,USD," 144,791.20 "
28,10/31/2023,45,47,USD," 16,300.00 "
28,10/31/2023,45,45,USD," 4,536.00 "
28,10/31/2023,45,47,USD," 64,931.50 "
28,10/31/2023,45,0,USD," 3,060.00 "
28,10/31/2023,45,0,USD," 4,080.00 "
28,10/31/2023,45,40,USD," 51,715.13 "
28,10/31/2023,45,47,USD," 95,725.52 "
28,11/16/2023,45,29,USD," 95,584.00 "
28,11/21/2023,45,24,USD," 2,304.78 "
28,11/21/2023,45,24,USD," 2,877.75 "
28,11/22/2023,45,23,USD," 2,353.34 "
28,11/28/2023,45,-28,USD," 1,318.40 "
28,11/28/2023,45,-28,USD, 922.88 
28,11/28/2023,45,-28,USD," 3,600.00 "
28,11/28/2023,45,-28,USD," 4,284.00 "
28,11/28/2023,45,-28,USD," 1,318.40 "
28,11/28/2023,45,-28,USD," 3,600.00 "
28,11/28/2023,45,-28,USD," 1,112.40 "
28,11/28/2023,45,-28,USD," 9,000.00 "
28,11/28/2023,45,-28,USD," 1,280.00 "
28,11/28/2023,45,-28,USD," 1,280.00 "
28,11/28/2023,45,-28,USD," 1,280.00 "
28,11/28/2023,45,-28,USD," 1,280.00 "
28,11/28/2023,45,-28,USD, 512.00 
28,11/28/2023,45,-28,USD," 1,280.00 "
28,11/28/2023,45,-28,USD," 1,280.00 "
28,11/28/2023,45,-28,USD," 1,280.00 "
28,11/28/2023,45,-28,USD," 1,280.00 "
28,11/28/2023,45,-28,USD, 512.00 
28,11/28/2023,45,-28,USD, 593.28 
28,11/28/2023,45,-28,USD, 593.28 
28,11/28/2023,45,-28,USD," 1,153.60 "
28,11/28/2023,45,-28,USD," 1,501.44 "
28,11/28/2023,45,-28,USD," 4,284.00 "
28,11/28/2023,45,12,USD," 5,100.00 "
28,11/28/2023,45,12,USD," 5,100.00 "
28,11/28/2023,45,12,USD," 1,186.56 "
28,11/28/2023,45,12,USD," 9,000.00 "
28,11/28/2023,45,-28,USD," 3,753.60 "
28,11/28/2023,45,-28,USD," 4,284.00 "
28,11/29/2023,45,-29,USD," 4,800.00 "
28,11/29/2023,45,11,USD," 4,800.00 "
28,11/28/2023,45,-28,USD," 1,112.40 "
28,11/28/2023,45,12,USD, 889.92 
28,11/29/2023,45,-29,USD," 2,880.00 "
28,11/29/2023,45,-29,USD, 692.16 
28,11/29/2023,45,11,USD, 519.12 
28,11/29/2023,45,11,USD, 865.20 
28,11/29/2023,45,-29,USD, 865.20 
28,11/28/2023,45,-28,USD," 3,753.60 "
28,11/29/2023,45,11,USD," 2,570.40 "
28,11/29/2023,45,11,USD," 1,054.72 "
28,11/29/2023,45,11,USD," 1,054.72 "
28,11/29/2023,45,11,USD," 3,060.00 "
28,11/29/2023,45,11,USD," 3,600.00 "
28,11/29/2023,45,11,USD," 2,160.00 "
28,11/29/2023,45,11,USD," 1,112.40 "
28,11/29/2023,45,11,USD," 9,000.00 "
28,11/29/2023,45,11,USD," 9,000.00 "
28,11/30/2023,45,10,USD," 12,480.00 "
28,11/30/2023,45,10,USD," 14,502.40 "
28,11/30/2023,45,10,USD," 3,955.20 "
28,11/30/2023,45,10,USD," 71,532.80 "
28,11/30/2023,45,10,USD," 32,659.20 "
28,11/30/2023,45,10,USD," 30,033.60 "
28,11/30/2023,45,10,USD," 20,580.11 "
28,11/30/2023,45,10,USD," 41,827.89 "
28,11/30/2023,45,,USD," 15,014.40 "
28,11/30/2023,45,10,USD," 23,401.60 "
28,11/30/2023,45,10,USD," 25,408.00 "
28,11/30/2023,45,,USD," 13,872.00 "
28,11/30/2023,45,10,USD," 69,677.60 "
28,11/30/2023,45,-30,USD," 67,946.67 "
28,11/30/2023,45,,USD," 119,211.07 "
28,11/30/2023,45,,USD," 11,609.60 "
28,11/30/2023,45,10,USD," 56,830.24 "
28,11/30/2023,45,10,USD," 42,393.02 "
28,11/30/2023,45,10,USD," 68,453.54 "
28,11/28/2023,45,12,USD," 4,284.00 "
28,11/28/2023,45,12,USD," 3,753.60 "
28,11/30/2023,45,15,USD," 16,319.40 "
28,11/30/2023,45,10,USD," 33,902.70 "
28,11/30/2023,45,10,USD," 66,019.88 "
28,11/30/2023,45,10,USD," 82,065.96 "
28,11/30/2023,45,10,USD," 33,327.64 "
28,11/30/2023,45,17,USD," 34,451.28 "
28,11/30/2023,45,10,USD," 143,629.44 "
28,11/30/2023,45,17,USD," 27,294.54 "
28,11/30/2023,45,10,USD," 26,134.10 "
28,11/30/2023,45,10,USD," 17,269.78 "
28,11/30/2023,45,10,USD," 13,874.78 "
28,11/30/2023,45,10,USD," 4,241.70 "
28,11/30/2023,45,10,USD," 99,591.88 "
28,11/30/2023,45,-30,USD," 4,284.00 "
28,11/30/2023,45,10,USD," 4,284.00 "
28,11/30/2023,45,10,USD," 1,713.60 "
28,11/30/2023,45,10,USD, 988.80 
28,11/30/2023,45,10,USD, 791.04 
28,11/30/2023,45,10,USD, 988.80 
28,11/30/2023,45,10,USD, 988.80 
28,11/30/2023,45,10,USD, 791.04 
28,11/30/2023,45,10,USD, 988.80 
28,11/30/2023,45,10,USD," 2,880.00 "
28,11/30/2023,45,10,USD," 1,024.00 "
28,11/30/2023,45,10,USD, 768.00 
28,11/30/2023,45,10,USD," 1,024.00 "
28,11/30/2023,45,10,USD," 1,280.00 "
28,11/30/2023,45,10,USD," 1,280.00 "
28,11/30/2023,45,10,USD," 1,280.00 "
28,11/30/2023,45,10,USD, 988.80 
28,11/30/2023,45,10,USD, 988.80 
28,11/30/2023,45,10,USD, 593.28 
28,11/30/2023,45,10,USD," 1,153.60 "
28,11/30/2023,45,10,USD," 1,153.60 "
28,11/30/2023,45,10,USD," 1,153.60 "
28,11/30/2023,45,-30,USD," 131,900.80 "
28,11/30/2023,45,15,USD," 4,752.00 "
28,11/30/2023,45,10,USD," 26,466.56 "
28,11/30/2023,45,10,USD," 63,073.95 "
28,11/30/2023,45,,USD," 42,049.30 "
28,11/30/2023,45,17,USD," 20,349.56 "
28,11/30/2023,45,,USD," 14,688.00 "
28,11/30/2023,45,,USD," 16,300.00 "
28,11/30/2023,45,10,USD," 222,339.20 "
28,11/30/2023,45,10,USD," 11,260.80 "
28,11/30/2023,45,10,USD," 6,526.08 "
28,11/30/2023,45,,USD," 60,734.20 "
28,11/30/2023,45,10,USD," 58,822.90 "
28,11/30/2023,45,10,USD," 12,240.00 "
28,11/30/2023,45,10,USD," 12,240.00 "
28,11/30/2023,45,10,USD," 4,800.00 "
28,11/30/2023,45,10,USD," 2,880.00 "
28,11/30/2023,45,15,USD, 768.00 
28,11/30/2023,45,17,USD," 47,862.76 "
28,11/30/2023,45,10,USD," 69,677.60 "
28,11/30/2023,45,10,USD," 87,500.00 "
28,11/30/2023,45,15,USD," 6,407.00 "
28,11/30/2023,45,10,USD," 73,920.00 "
28,11/30/2023,45,,USD," 116,897.60 "
28,11/30/2023,45,15,USD," 2,465.59 "
28,12/13/2023,45,-3,USD," 26,466.56 "
28,12/22/2023,45,,USD," 221,360.00 "
28,12/22/2023,45,,USD," 12,240.00 "
28,12/22/2023,45,-5,USD," 69,677.60 "
28,12/22/2023,45,,USD," 67,946.69 "
28,12/22/2023,45,,USD," 71,532.80 "
28,12/22/2023,45,,USD," 41,827.89 "
28,12/22/2023,45,,USD," 20,580.11 "
28,12/22/2023,45,-5,USD," 25,408.00 "
28,12/22/2023,45,,USD," 15,014.40 "
28,12/22/2023,45,,USD," 13,872.00 "
28,12/22/2023,45,,USD," 16,663.82 "
28,12/22/2023,45,,USD," 16,951.35 "
28,12/22/2023,45,,USD," 21,196.51 "
28,12/22/2023,45,,USD," 41,032.98 "
28,12/22/2023,45,,USD," 58,822.90 "
28,12/22/2023,45,,USD," 23,401.60 "
28,12/22/2023,45,-5,USD," 143,629.44 "
28,12/22/2023,45,,USD," 66,019.88 "
28,12/22/2023,45,,USD," 68,453.54 "
28,12/22/2023,45,-5,USD," 59,102.24 "
28,12/22/2023,45,,USD," 14,688.00 "
28,12/22/2023,45,,USD," 73,920.00 "
28,12/22/2023,45,,USD," 3,955.00 "
28,12/22/2023,45,-5,USD," 12,240.00 "
28,12/22/2023,45,-5,USD," 32,659.20 "
28,12/22/2023,45,-5,USD," 30,033.60 "
28,12/22/2023,45,,USD," 12,480.00 "
28,12/26/2023,45,,USD," 119,211.07 "
28,12/22/2023,45,,USD," 11,609.60 "
28,12/26/2023,45,,USD," 41,032.98 "
28,12/26/2023,45,-16,USD," 4,284.00 "
28,12/26/2023,45,-16,USD," 4,284.00 "
28,12/26/2023,45,-16,USD," 5,100.00 "
28,12/26/2023,45,-16,USD," 5,100.00 "
28,12/26/2023,45,-16,USD," 1,054.72 "
28,12/26/2023,45,-16,USD," 1,054.72 "
28,12/26/2023,45,-16,USD," 1,318.40 "
28,12/26/2023,45,-16,USD, 692.16 
28,12/26/2023,45,-16,USD, 692.16 
28,12/26/2023,45,-16,USD, 865.20 
28,12/26/2023,45,-16,USD, 988.80 
28,12/26/2023,45,-16,USD, 988.80 
28,12/26/2023,45,-16,USD, 988.80 
28,12/26/2023,45,-16,USD," 3,427.20 "
28,12/26/2023,45,-16,USD," 4,284.00 "
28,12/26/2023,45,-16,USD," 4,284.00 "
28,12/26/2023,45,-16,USD," 4,800.00 "
28,12/26/2023,45,-16,USD," 4,800.00 "
28,12/26/2023,45,-16,USD, 791.04 
28,12/26/2023,45,-16,USD, 791.04 
28,12/26/2023,45,-16,USD," 1,112.40 "
28,12/26/2023,45,-16,USD, 444.96 
28,12/26/2023,45,-16,USD," 1,112.40 "
28,12/26/2023,45,-16,USD," 4,800.00 "
28,12/26/2023,45,-16,USD," 4,800.00 "
28,12/26/2023,45,-16,USD," 3,600.00 "
28,12/26/2023,45,,USD," 3,600.00 "
28,12/26/2023,45,-16,USD," 4,800.00 "
28,12/27/2023,45,-17,USD, 922.88 
28,12/27/2023,45,-17,USD," 1,153.60 "
28,12/27/2023,45,-17,USD," 1,153.60 "
28,12/27/2023,45,-17,USD," 2,252.16 "
28,12/27/2023,45,-17,USD," 3,753.60 "
28,12/27/2023,45,-17,USD," 3,753.60 "
28,12/27/2023,45,-17,USD," 3,753.60 "
28,12/27/2023,45,-17,USD," 2,252.16 "
28,12/27/2023,45,-17,USD," 3,002.88 "
28,12/27/2023,45,-17,USD," 2,252.16 "
28,12/27/2023,45,-17,USD," 3,753.60 "
28,12/27/2023,45,-17,USD," 9,000.00 "
28,12/27/2023,45,-17,USD," 9,000.00 "
28,12/27/2023,45,-17,USD," 9,000.00 "
28,12/27/2023,45,-17,USD," 4,284.00 "
28,12/27/2023,45,-17,USD," 1,318.40 "
28,12/27/2023,45,-17,USD, 865.20 
28,12/27/2023,45,-17,USD," 1,280.00 "
28,12/27/2023,45,-17,USD," 1,024.00 "
28,12/27/2023,45,-17,USD," 1,024.00 "
28,12/27/2023,45,-17,USD," 1,280.00 "
28,12/27/2023,45,-17,USD," 1,280.00 "
28,12/27/2023,45,-17,USD," 1,280.00 "
28,12/27/2023,45,-17,USD, 988.80 
28,12/27/2023,45,-17,USD, 988.80 
28,12/27/2023,45,-17,USD, 988.80 
28,12/27/2023,45,-17,USD, 988.80 
28,12/27/2023,45,-17,USD, 768.00 
28,12/27/2023,45,-17,USD," 1,280.00 "
28,12/27/2023,45,-17,USD," 9,000.00 "
28,12/28/2023,45,-11,USD," 34,451.28 "
28,12/28/2023,45,-11,USD," 6,526.08 "
28,12/28/2023,45,,USD," 16,951.35 "
28,12/28/2023,45,-11,USD," 20,136.70 "
28,12/28/2023,45,,USD," 4,241.70 "
28,12/28/2023,45,-11,USD," 26,134.10 "
28,12/28/2023,45,-11,USD," 27,294.54 "
28,12/28/2023,45,-11,USD," 17,269.78 "
28,12/28/2023,45,,USD," 13,874.78 "
28,12/29/2023,45,,USD," 21,196.51 "
28,12/31/2023,45,,USD," 116,897.60 "
28,12/31/2023,45,-14,USD," 4,284.00 "
28,12/31/2023,45,-14,USD," 2,570.40 "
28,12/31/2023,45,-14,USD," 3,427.20 "
28,12/31/2023,45,-14,USD," 5,100.00 "
28,12/31/2023,45,-14,USD," 4,800.00 "
28,12/31/2023,45,-14,USD," 3,840.00 "
28,12/31/2023,45,-14,USD," 3,600.00 "
28,12/31/2023,45,-14,USD," 1,440.00 "
28,12/31/2023,45,-14,USD, 519.12 
28,12/31/2023,45,-14,USD, 988.80 
28,12/31/2023,45,-14,USD, 988.80 
28,12/31/2023,45,-14,USD, 791.04 
28,12/31/2023,45,-14,USD, 988.80 
28,12/31/2023,45,-14,USD, 988.80 
28,12/31/2023,45,-14,USD," 1,112.40 "
28,12/31/2023,45,-14,USD, 889.92 
28,12/31/2023,45,-14,USD, 768.00 
28,12/31/2023,45,-14,USD," 1,153.60 "
28,12/31/2023,45,-14,USD, 922.88 
28,12/31/2023,45,,USD," 3,753.60 "
28,12/28/2023,45,,USD," 16,319.40 "
28,12/31/2023,45,,USD," 2,465.59 "
28,12/31/2023,45,,USD," 2,411.78 "
28,12/31/2023,45,-14,USD," 2,040.00 "
28,12/31/2023,45,,USD," 47,206.75 "
28,12/31/2023,45,,USD," 52,385.13 "
28,12/31/2023,45,-14,USD," 12,854.00 "
28,12/31/2023,45,-14,USD," 1,647.80 "
28,12/31/2023,45,,USD," 52,933.12 "
28,12/31/2023,45,,USD," 42,049.30 "
28,12/31/2023,45,-14,USD," 47,862.76 "
28,12/31/2023,45,-14,USD," 17,786.37 "
28,12/31/2023,45,-14,USD," 30,076.39 "
28,12/31/2023,45,,USD," 16,663.82 "
28,12/31/2023,45,,USD," 63,986.30 "
28,12/31/2023,45,,USD," 16,300.00 "
28,12/31/2023,45,-14,USD," 47,862.76 "
28,12/31/2023,45,-21,USD," 104,345.60 "
28,12/31/2023,45,-21,USD," 3,456.00 "
28,12/31/2023,45,,USD," 4,800.00 "
28,12/31/2023,45,,USD, 988.80 
28,12/31/2023,45,,USD," 2,880.00 "
28,12/31/2023,45,,USD," 2,160.00 "
28,12/31/2023,45,-21,USD," 12,240.00 "
28,12/31/2023,45,-21,USD," -104,345.60 "
28,12/31/2023,45,-21,USD," -3,456.00 "
28,12/31/2023,45,,USD," 3,427.20 "
28,12/31/2023,45,,USD," 1,054.72 "
28,12/31/2023,45,,USD," 3,840.00 "
28,12/31/2023,45,,USD," 1,024.00 "
28,12/31/2023,45,,USD, 791.04 
28,12/31/2023,45,,USD," 126,609.60 "
28,12/31/2023,45,,USD," 3,888.00 "
28,12/31/2023,45,-21,USD," 93,771.00 "
28,1/18/2024,45,-18,USD," 2,073,233.00 "
28,1/30/2024,45,,USD," 76,280.00 "
28,1/30/2024,45,,USD," 227,969.60 "
28,1/30/2024,45,,USD," 5,630.40 "
28,1/30/2024,45,,USD," 33,106.32 "
28,1/30/2024,45,,USD," 75,558.40 "
28,1/30/2024,45,,USD," 12,240.00 "
28,1/30/2024,45,,USD," 43,342.40 "
28,1/30/2024,45,,USD," 20,716.80 "
28,1/30/2024,45,,USD," 43,294.70 "
28,1/30/2024,45,,USD," 24,947.39 "
28,1/30/2024,45,,USD," 12,480.00 "
28,1/30/2024,45,,USD," 14,144.00 "
28,1/30/2024,45,,USD," 32,659.20 "
28,1/30/2024,45,,USD," 71,482.33 "
28,1/30/2024,45,,USD," 69,258.44 "
28,1/30/2024,45,,USD," 100,671.38 "
28,1/30/2024,45,,USD," 51,676.92 "
28,1/30/2024,45,,USD," 215,444.16 "
28,1/30/2024,45,,USD," 118,771.69 "
28,1/30/2024,45,,USD," 40,941.81 "
28,1/30/2024,45,,USD," 22,617.67 "
28,1/31/2024,45,,USD," 34,665.62 "
28,1/31/2024,45,,USD," 34,731.76 "
28,1/31/2024,45,,USD," 16,951.35 "
28,1/31/2024,45,,USD," 54,007.42 "
28,1/30/2024,45,,USD," 6,489.79 "
28,1/30/2024,45,,USD," 10,244.80 "
28,1/31/2024,45,,USD," 17,662.58 "
28,1/31/2024,45,,USD," 7,567.97 "
28,1/31/2024,45,,USD," 25,932.96 "
28,1/31/2024,45,,USD," 9,961.92 "
28,1/31/2024,45,,USD," 10,420.19 "
28,1/31/2024,45,,USD," 149,387.82 "
28,1/31/2024,45,,USD," 3,760.24 "
28,1/31/2024,45,,USD," 98,844.91 "
28,1/31/2024,45,,USD," 44,811.11 "
28,1/31/2024,45,,USD," 26,411.35 "
28,1/31/2024,45,,USD," 13,344.30 "
28,1/31/2024,45,,USD," 8,634.89 "
28,1/31/2024,45,,USD," 17,787.86 "
28,1/31/2024,45,,USD," 134,699.20 "
28,1/31/2024,45,,USD," 14,054.80 "
28,1/31/2024,45,,USD," 41,032.98 "
28,1/31/2024,45,,USD," 49,703.68 "
28,1/31/2024,45,,USD," 37,456.46 "
28,1/31/2024,45,,USD," 13,843.20 "
28,1/31/2024,45,,USD," 71,532.80 "
28,1/31/2024,45,,USD," 1,153.60 "
28,1/31/2024,45,,USD," 1,153.60 "
28,1/31/2024,45,,USD, 922.88 
28,1/31/2024,45,,USD, 922.88 
28,1/31/2024,45,,USD," 3,002.88 "
28,1/31/2024,45,,USD," 3,753.60 "
28,1/31/2024,45,,USD," 3,753.60 "
28,1/31/2024,45,,USD," 1,501.44 "
28,1/31/2024,45,,USD, 916.48 
28,1/31/2024,45,,USD," 1,145.60 "
28,1/31/2024,45,,USD," 1,145.60 "
28,1/31/2024,45,,USD, 916.48 
28,1/31/2024,45,,USD," 2,937.60 "
28,1/31/2024,45,,USD," 3,672.00 "
28,1/31/2024,45,,USD," 2,937.60 "
28,1/31/2024,45,,USD, 889.92 
28,1/31/2024,45,,USD," 3,495.68 "
28,1/31/2024,45,,USD," 4,369.60 "
28,1/31/2024,45,,USD," 3,495.68 "
28,1/31/2024,45,,USD," 1,086.40 "
28,1/31/2024,45,,USD," 1,358.00 "
28,1/31/2024,45,,USD," 1,358.00 "
28,1/31/2024,45,,USD, 814.80 
28,1/31/2024,45,,USD," 3,672.00 "
28,1/31/2024,45,,USD," 4,369.60 "
28,1/31/2024,45,,USD," 108,120.00 "
28,1/31/2024,45,,USD," 3,828.80 "
28,1/31/2024,45,,USD," 3,063.04 "
28,1/31/2024,45,,USD," 3,828.80 "
28,1/31/2024,45,,USD," 4,161.60 "
28,1/31/2024,45,,USD," 5,202.00 "
28,1/31/2024,45,,USD," 4,161.60 "
28,1/31/2024,45,,USD," 5,202.00 "
28,1/31/2024,45,,USD," 3,916.80 "
28,1/31/2024,45,,USD," 4,896.00 "
28,1/31/2024,45,,USD, 791.04 
28,1/31/2024,45,,USD," 1,318.40 "
28,1/31/2024,45,,USD," 1,318.40 "
28,1/31/2024,45,,USD, 791.04 
28,1/31/2024,45,,USD," 1,054.72 "
28,1/31/2024,45,,USD," 1,318.40 "
28,1/31/2024,45,,USD," 1,054.72 "
28,1/31/2024,45,,USD," 1,054.72 "
28,1/31/2024,45,,USD, 814.72 
28,1/31/2024,45,,USD," 1,018.40 "
28,1/31/2024,45,,USD, 814.72 
28,1/31/2024,45,,USD, 814.72 
28,1/31/2024,45,,USD," 1,018.40 "
28,1/31/2024,45,,USD," 1,018.40 "
28,1/31/2024,45,,USD, 814.72 
28,1/31/2024,45,,USD," 3,002.88 "
28,1/31/2024,45,,USD," 3,753.60 "
28,1/31/2024,45,,USD," 3,002.88 "
28,1/31/2024,45,,USD," 3,753.60 "
28,1/31/2024,45,,USD, 407.36 
28,1/31/2024,45,,USD," 1,018.40 "
28,1/31/2024,45,,USD, 814.72 
28,1/31/2024,45,,USD, 611.04 
28,1/31/2024,45,,USD," 115,688.20 "
28,1/31/2024,45,,USD," -54,007.42 "
28,1/31/2024,45,,USD," 46,237.48 "
28,1/31/2024,45,,USD," 62,981.60 "
28,1/31/2024,45,,USD," 74,117.91 "
28,1/31/2024,45,,USD," 36,337.60 "
28,1/31/2024,45,,USD," 16,663.82 "
28,1/31/2024,45,,USD," 3,916.80 "
28,1/31/2024,45,,USD," 4,896.00 "
28,1/31/2024,45,,USD," 3,916.80 "
28,1/31/2024,45,,USD," 4,896.00 "
28,1/31/2024,45,,USD," 3,916.80 "
28,1/31/2024,45,,USD," 4,896.00 "
28,1/31/2024,45,,USD," -134,699.20 "
28,1/31/2024,45,,USD," -227,969.60 "
28,1/31/2024,45,,USD," -40,941.81 "
28,1/31/2024,45,,USD," -108,120.00 "
28,1/31/2024,45,,USD," 2,276.89 "
29,10/31/2023,30,1,USD," 123,230.45 "
29,10/31/2023,30,1,USD," 37,478.90 "
29,11/30/2023,30,-8,USD," 123,440.72 "
29,11/30/2023,30,-8,USD," 36,296.62 "
29,12/31/2023,30,2,USD," 103,477.92 "
29,12/31/2023,30,2,USD," 32,329.02 "
29,1/31/2024,30,,USD," 39,242.11 "
29,1/31/2024,30,,USD," 116,362.68 "
30,10/31/2023,30,-9,USD," 51,142.00 "
30,10/31/2023,30,-8,USD," 383,392.00 "
30,10/31/2023,30,-9,USD," 27,500.00 "
30,10/31/2023,30,-9,USD," 78,400.00 "
30,10/31/2023,30,1,USD," 14,256.00 "
30,10/31/2023,30,-8,USD," 172,955.00 "
30,11/30/2023,30,-10,USD," 172,955.00 "
30,11/30/2023,30,-10,USD," 383,392.00 "
30,11/30/2023,30,-11,USD," 51,142.00 "
30,11/30/2023,30,-10,USD," 13,608.00 "
30,11/30/2023,30,-11,USD," 78,400.00 "
30,11/30/2023,30,-11,USD," 27,500.00 "
30,11/30/2023,30,-10,USD," 1,944.00 "
30,12/29/2023,30,-11,USD," 383,392.00 "
30,12/29/2023,30,-12,USD," 51,142.00 "
30,12/29/2023,30,-12,USD," 12,960.00 "
30,12/29/2023,30,-11,USD," 172,955.00 "
30,12/31/2023,30,-14,USD," 1,094.96 "
30,12/31/2023,30,-14,USD," 78,400.00 "
30,12/31/2023,30,-13,USD," 27,500.00 "
30,12/31/2023,30,-14,USD," 7,392.00 "
30,1/30/2024,30,,USD," 350,000.00 "
30,1/30/2024,30,,USD," 172,955.00 "
30,1/30/2024,30,,USD," 14,256.00 "
30,1/30/2024,30,,USD," 20,160.00 "
30,1/31/2024,30,,USD," 27,500.00 "
30,1/31/2024,30,,USD," 7,744.00 "
30,1/31/2024,30,,USD," 102,096.00 "
31,10/31/2023,30,5,USD," 57,328.00 "
31,11/30/2023,30,9,USD," 49,609.00 "
31,12/31/2023,30,,USD," 48,377.00 "
31,1/31/2024,30,,USD," 63,985.00 "
32,10/31/2023,30,5,USD," 885,887.20 "
32,10/31/2023,30,-1,USD," 9,856.00 "
32,11/30/2023,30,-1,USD," 908,257.10 "
32,11/30/2023,30,-1,USD," 9,583.20 "
32,12/31/2023,30,-2,USD," 826,635.60 "
32,12/31/2023,30,-2,USD," 7,568.00 "
32,1/31/2024,30,,USD," 10,445.60 "
32,1/31/2024,30,,USD," 938,463.80 "
33,10/31/2023,30,0,USD," 10,500.00 "
33,11/30/2023,30,-2,USD," 10,500.00 "
33,12/29/2023,30,4,USD," 10,500.00 "
33,1/31/2024,30,,USD," 10,500.00 "
34,10/31/2023,30,-17,USD," 21,784.17 "
34,10/31/2023,30,-17,USD," 15,398.28 "
34,10/31/2023,30,-17,USD," -15,398.28 "
34,10/31/2023,30,-17,USD," -21,784.17 "
34,10/31/2023,30,0,USD," 18,585.23 "
34,10/31/2023,30,0,USD," 16,232.03 "
34,11/30/2023,30,3,USD," 17,859.50 "
34,11/30/2023,30,3,USD," 16,140.02 "
34,11/30/2023,30,3,USD, 50.96 
34,12/31/2023,30,0,USD," 12,233.03 "
34,12/31/2023,30,0,USD," 17,658.67 "
34,1/31/2024,30,,USD," 14,618.41 "
34,1/31/2024,30,,USD," 16,441.25 "
35,10/31/2023,45,,EUR," 5,520.67 "
35,10/31/2023,45,,EUR," 28,895.44 "
35,11/30/2023,45,,EUR," 5,718.48 "
35,11/30/2023,45,,EUR," 30,863.46 "
35,12/31/2023,45,,EUR," 21,388.38 "
36,10/31/2023,30,-2,USD," 54,000.00 "
36,10/31/2023,30,-1,USD," 23,500.00 "
36,10/31/2023,30,-10,USD," 30,500.00 "
36,10/31/2023,30,-10,USD," 3,944.00 "
36,10/31/2023,30,-10,USD," 18,304.00 "
36,10/31/2023,30,-1,USD," 56,056.00 "
36,10/31/2023,30,-1,USD," 19,600.00 "
36,10/31/2023,30,-1,USD," 28,372.00 "
36,10/31/2023,30,-1,USD," 10,948.00 "
36,10/31/2023,30,-1,USD," 43,936.00 "
36,10/31/2023,30,-10,USD," 4,104.00 "
36,10/31/2023,30,-10,USD," 16,800.00 "
36,10/31/2023,30,1,USD," 20,000.00 "
36,10/31/2023,30,-1,USD," 26,544.00 "
36,10/31/2023,30,-10,USD," 21,200.00 "
36,10/31/2023,30,-10,USD," 12,788.00 "
36,10/31/2023,30,7,USD," 16,024.00 "
36,10/31/2023,30,21,USD," 6,404.00 "
36,10/31/2023,30,-1,USD," 112,372.00 "
36,10/31/2023,30,26,USD," 1,392.00 "
36,11/23/2023,30,-5,USD," 193,500.00 "
36,11/30/2023,30,-15,USD, 232.00 
36,11/30/2023,30,-15,USD," 16,640.00 "
36,11/30/2023,30,-4,USD," 54,000.00 "
36,11/30/2023,30,,USD," 23,500.00 "
36,11/30/2023,30,-4,USD," 30,500.00 "
36,11/30/2023,30,-4,USD," 51,704.00 "
36,11/30/2023,30,-4,USD," 12,824.00 "
36,11/30/2023,30,-3,USD," 31,136.00 "
36,11/30/2023,30,-4,USD," 7,256.00 "
36,11/30/2023,30,-3,USD," 41,744.00 "
36,11/30/2023,30,6,USD," 16,688.00 "
36,11/30/2023,30,-12,USD," 4,752.00 "
36,11/30/2023,30,-4,USD," 16,000.00 "
36,11/30/2023,30,-4,USD," 18,000.00 "
36,11/30/2023,30,-11,USD," 25,920.00 "
36,11/30/2023,30,-12,USD," 22,976.00 "
36,11/30/2023,30,6,USD," 110,776.00 "
36,11/30/2023,30,-12,USD," 14,496.00 "
36,11/30/2023,30,-4,USD," 13,468.00 "
36,12/31/2023,30,-1,USD," 54,000.00 "
36,12/31/2023,30,-12,USD," 23,500.00 "
36,12/31/2023,30,-1,USD," 30,824.00 "
36,12/31/2023,30,,USD," 12,184.00 "
36,12/31/2023,30,-12,USD," 13,136.00 "
36,12/31/2023,30,-13,USD," 26,896.00 "
36,12/31/2023,30,-1,USD," 37,536.00 "
36,12/31/2023,30,-8,USD," 14,600.00 "
36,12/31/2023,30,-8,USD," 3,456.00 "
36,12/31/2023,30,-8,USD," 16,000.00 "
36,12/31/2023,30,,USD," 11,694.00 "
36,12/31/2023,30,-1,USD," 18,000.00 "
36,12/31/2023,30,-12,USD," 22,896.00 "
36,12/31/2023,30,-12,USD," 19,732.00 "
36,12/31/2023,30,,USD," 105,384.00 "
36,12/31/2023,30,-13,USD," -26,896.00 "
36,12/31/2023,30,-1,USD," 30,500.00 "
36,12/31/2023,30,-1,USD," 7,056.00 "
36,12/31/2023,30,-1,USD," 27,088.00 "
36,12/31/2023,30,-1,USD," 23,000.00 "
36,1/31/2024,30,,USD," 54,000.00 "
36,1/31/2024,30,,USD," 23,500.00 "
36,1/31/2024,30,,USD," 31,504.00 "
36,1/31/2024,30,,USD," 9,176.00 "
36,1/31/2024,30,,USD," 33,896.00 "
36,1/31/2024,30,,USD," 7,840.00 "
36,1/31/2024,30,,USD," 16,588.00 "
36,1/31/2024,30,,USD," 4,536.00 "
36,1/31/2024,30,,USD," 14,400.00 "
36,1/31/2024,30,,USD," 19,000.00 "
36,1/31/2024,30,,USD," 21,192.00 "
36,1/31/2024,30,,USD," 22,312.00 "
36,1/31/2024,30,,USD," 13,288.00 "
36,1/31/2024,30,,USD," 96,000.00 "
36,1/31/2024,30,,USD," 49,288.00 "
36,1/31/2024,30,,USD," 8,932.00 "
36,1/31/2024,30,,USD," 30,500.00 "
36,1/31/2024,30,,USD," 113,704.00 "
37,10/31/2023,45,-15,USD," 18,375.00 "
37,10/31/2023,45,-15,USD," 7,022.40 "
37,10/31/2023,45,-15,USD," 33,545.45 "
37,10/31/2023,45,-15,USD," 91,773.00 "
37,10/31/2023,45,-15,USD," 13,728.00 "
37,10/31/2023,45,-15,USD," 171,335.00 "
37,11/30/2023,45,-9,USD," 8,131.20 "
37,11/30/2023,45,-9,USD," 171,335.00 "
37,11/30/2023,45,26,USD," 12,480.00 "
37,11/30/2023,45,-9,USD," 18,375.00 "
37,11/30/2023,45,-9,USD," 91,773.00 "
37,11/30/2023,45,-9,USD," 33,545.45 "
37,12/31/2023,45,-5,USD," 91,773.00 "
37,12/31/2023,45,-5,USD," 7,761.60 "
37,12/31/2023,45,-5,USD," 11,856.00 "
37,12/31/2023,45,-5,USD," 18,375.00 "
37,12/31/2023,45,-5,USD," 33,545.45 "
37,12/31/2023,45,-5,USD," 171,335.00 "
37,12/31/2023,45,,USD," 12,953.60 "
37,12/31/2023,45,,USD," 11,545.60 "
37,1/31/2024,45,,USD," 188,469.00 "
37,1/31/2024,45,,USD," 11,840.00 "
37,1/31/2024,45,,USD," 17,600.00 "
37,1/31/2024,45,,USD," 36,725.00 "
37,1/31/2024,45,,USD," 7,392.00 "
37,1/31/2024,45,,USD," 12,672.00 "
38,10/31/2023,30,-2,USD," 15,525.07 "
38,10/31/2023,30,-2,USD," 4,078.08 "
38,10/31/2023,30,-2,USD," 14,368.86 "
38,10/31/2023,30,-2,USD," 5,972.69 "
38,10/31/2023,30,-2,USD," 5,981.18 "
38,10/31/2023,30,-2,USD," 35,333.80 "
38,10/31/2023,30,-2,USD," 278,775.00 "
38,10/31/2023,30,-2,USD," 181,602.00 "
38,10/31/2023,30,-2,USD," 34,408.80 "
38,10/31/2023,30,-2,USD," 11,682.00 "
38,10/31/2023,30,-2,USD," 40,356.00 "
38,10/31/2023,30,-2,USD," 17,841.60 "
38,10/31/2023,30,-2,USD," 12,213.00 "
38,10/31/2023,30,-2,USD," 5,242.88 "
38,10/31/2023,30,-2,USD," 5,607.36 "
38,10/31/2023,30,-2,USD," 40,356.00 "
38,10/31/2023,30,-2,USD," 23,496.75 "
38,10/31/2023,30,-2,USD," 4,621.82 "
38,10/31/2023,30,-2,USD, 169.92 
38,10/31/2023,30,-2,USD," 31,860.00 "
38,11/30/2023,30,-3,USD," 278,775.00 "
38,11/30/2023,30,-3,USD," 34,408.80 "
38,11/30/2023,30,-3,USD," 11,682.00 "
38,11/30/2023,30,-3,USD," 40,356.00 "
38,11/30/2023,30,-3,USD," 17,841.60 "
38,11/30/2023,30,-3,USD," 6,355.01 "
38,11/30/2023,30,-3,USD," 3,568.32 "
38,11/30/2023,30,-3,USD," 40,356.00 "
38,11/30/2023,30,-3,USD," 5,046.62 "
38,11/30/2023,30,-3,USD," 22,368.38 "
38,11/30/2023,30,-3,USD," 14,156.46 "
38,11/30/2023,30,-3,USD," 5,097.60 "
38,11/30/2023,30,-3,USD," 14,630.11 "
38,11/30/2023,30,-3,USD," 6,287.04 "
38,11/30/2023,30,-3,USD," 5,437.44 "
38,11/30/2023,30,-3,USD," 6,168.10 "
38,11/30/2023,30,-3,USD," 32,679.87 "
38,11/30/2023,30,-3,USD," 12,213.00 "
38,11/30/2023,30,-3,USD," 181,602.00 "
38,11/30/2023,30,-3,USD," 31,860.00 "
38,11/30/2023,30,-3,USD," 2,846.46 "
38,12/14/2023,30,-3,USD," 6,287.04 "
38,12/14/2023,30,-3,USD," 13,236.77 "
38,12/14/2023,30,-3,USD," 4,587.84 "
38,12/14/2023,30,-3,USD," 21,240.00 "
38,12/14/2023,30,-3,USD," 5,046.62 "
38,12/19/2023,30,-1,USD," 278,775.00 "
38,12/19/2023,30,-1,USD," 181,602.00 "
38,12/19/2023,30,-1,USD," 34,408.80 "
38,12/19/2023,30,-1,USD," 40,356.00 "
38,12/19/2023,30,-1,USD," 17,841.60 "
38,12/19/2023,30,-1,USD," 23,573.22 "
38,12/19/2023,30,-1,USD," 5,242.88 "
38,12/19/2023,30,-1,USD," 5,981.18 "
38,12/19/2023,30,-1,USD," 13,176.93 "
38,12/19/2023,30,-1,USD," 3,398.40 "
38,12/19/2023,30,-1,USD," 9,532.51 "
38,12/19/2023,30,-1,USD," 40,356.00 "
38,12/20/2023,30,-2,USD," 11,682.00 "
38,12/20/2023,30,-2,USD," 12,213.00 "
38,1/31/2024,30,,USD," 266,562.00 "
38,1/31/2024,30,,USD," 241,605.00 "
38,1/31/2024,30,,USD," 64,782.00 "
38,1/31/2024,30,,USD," 11,682.00 "
38,1/31/2024,30,,USD," 12,531.60 "
38,1/31/2024,30,,USD," 41,418.00 "
38,1/31/2024,30,,USD," 40,086.25 "
38,1/31/2024,30,,USD," 6,672.76 "
38,1/31/2024,30,,USD," 6,779.81 "
38,1/31/2024,30,,USD," 5,326.99 "
38,1/31/2024,30,,USD," 5,004.14 "
38,1/31/2024,30,,USD," 14,065.13 "
38,1/31/2024,30,,USD," 3,568.32 "
38,1/31/2024,30,,USD," 21,240.00 "
38,1/31/2024,30,,USD," 10,687.97 "
38,1/31/2024,30,,USD," 40,356.00 "
38,1/31/2024,30,,USD," 13,414.94 "
38,1/31/2024,30,,USD," -13,414.94 "
38,1/31/2024,30,,USD," 13,415.12 "
39,10/31/2023,30,7,USD," 33,260.00 "
39,11/30/2023,30,9,USD," 31,255.00 "
39,12/31/2023,30,1,USD," 30,480.00 "
40,10/31/2023,45,-8,EUR," 25,388.37 "
40,10/31/2023,45,-8,USD," 2,750.00 "
40,10/31/2023,45,-8,USD," 1,305.00 "
40,10/31/2023,45,-8,USD," 8,600.00 "
40,10/31/2023,45,-8,EUR," 169,833.72 "
40,10/31/2023,45,-8,USD," 16,500.00 "
40,10/31/2023,45,-8,USD," 17,955.00 "
40,10/31/2023,45,-8,USD," 20,400.00 "
40,10/31/2023,45,-8,USD," 11,220.00 "
40,10/31/2023,45,-8,USD," 293,145.00 "
40,10/31/2023,45,-8,USD," 24,038.00 "
40,10/31/2023,45,-8,USD," 48,852.00 "
40,10/31/2023,45,-8,USD," 51,204.00 "
40,10/31/2023,45,-8,USD," 2,082.50 "
40,11/24/2023,45,-3,EUR," 26,094.60 "
40,11/30/2023,45,5,USD," 10,635.00 "
40,11/30/2023,45,-2,USD," 8,210.00 "
40,11/30/2023,45,-2,USD," 20,400.00 "
40,11/30/2023,45,14,EUR," 175,919.23 "
40,11/30/2023,45,5,USD," 16,500.00 "
40,11/30/2023,45,-2,USD," 18,810.00 "
40,11/30/2023,45,14,USD," 293,475.00 "
40,11/30/2023,45,-2,USD," 13,710.00 "
40,11/30/2023,45,-2,USD," 51,474.00 "
40,12/25/2023,45,-7,EUR," 17,592.71 "
40,12/27/2023,45,-1,USD," 7,500.00 "
40,12/27/2023,45,-1,USD," 20,400.00 "
40,12/28/2023,45,-2,USD," 289,535.00 "
40,12/29/2023,45,-3,USD," 9,760.00 "
40,12/29/2023,45,-3,USD," 48,042.00 "
40,12/29/2023,45,-3,EUR," 177,985.10 "
40,12/29/2023,45,-3,USD," 10,500.00 "
40,12/29/2023,45,-3,USD," 13,680.00 "
40,12/29/2023,45,-3,USD," 17,425.00 "
40,12/29/2023,45,,USD," 4,425.00 "
40,1/22/2024,45,,USD," 20,400.00 "
40,1/22/2024,45,,USD," 19,960.00 "
40,1/22/2024,45,,USD, 440.00 
40,1/22/2024,45,,USD," 20,400.00 "
40,1/31/2024,45,,USD," 20,925.00 "
40,1/31/2024,45,,USD," 54,975.00 "
40,1/31/2024,45,,EUR," 27,201.77 "
40,1/31/2024,45,,USD," 14,250.00 "
40,1/31/2024,45,,USD," 158,700.00 "
40,1/31/2024,45,,USD," 10,335.00 "
40,1/31/2024,45,,USD," 12,515.00 "
40,1/31/2024,45,,USD," 16,245.00 "
40,1/31/2024,45,,USD," 15,640.00 "
40,1/31/2024,45,,USD," 181,280.00 "
40,1/31/2024,45,,EUR," 173,693.21 "
41,10/31/2023,30,28,USD," 48,429.00 "
41,11/30/2023,30,29,USD," 52,038.00 "
41,12/31/2023,30,,USD," 44,136.00 "
41,1/31/2024,30,,USD," 51,597.00 "
42,10/31/2023,30,-13,USD," 276,044.00 "
42,11/30/2023,30,11,USD," 266,086.50 "
42,12/18/2023,30,-6,USD," 6,037.80 "
42,12/31/2023,30,-11,USD," 267,227.00 "
42,12/31/2023,30,0,USD," 6,880.00 "
42,1/31/2024,30,,USD," 336,276.50 "
42,1/31/2024,30,,USD," 29,856.00 "
43,10/16/2023,60,-1,USD," 5,040.00 "
43,10/16/2023,60,-1,USD," 30,336.00 "
43,10/16/2023,60,-1,USD," 9,000.00 "
43,10/26/2023,60,-3,USD," 6,120.00 "
43,10/31/2023,60,-1,USD," 5,040.00 "
43,10/31/2023,60,-1,USD," 30,000.00 "
43,10/31/2023,60,-1,USD," 9,000.00 "
43,10/31/2023,60,-1,USD," 6,800.00 "
43,10/31/2023,60,-1,USD," 2,252.80 "
43,10/31/2023,60,-1,USD," 10,665.00 "
43,10/31/2023,60,-1,USD," 10,935.00 "
43,10/31/2023,60,-1,USD," 2,816.00 "
43,10/31/2023,60,-1,USD," 16,760.00 "
43,10/31/2023,60,,USD," 12,452.00 "
43,11/14/2023,60,,USD," 2,534.40 "
43,11/21/2023,60,-2,USD," 3,920.00 "
43,11/21/2023,60,-2,USD," 10,000.00 "
43,11/22/2023,60,-3,USD," 32,032.00 "
43,11/24/2023,60,-5,USD," 31,520.00 "
43,11/24/2023,60,-5,USD," 3,360.00 "
43,11/24/2023,60,-5,USD," 10,000.00 "
43,11/30/2023,60,0,USD," 6,460.00 "
43,11/30/2023,60,0,USD," 6,800.00 "
43,11/30/2023,60,0,USD," 2,252.80 "
43,11/30/2023,60,0,USD," 12,082.50 "
43,11/30/2023,60,0,USD," 10,780.00 "
43,11/30/2023,60,,USD," 4,480.00 "
43,11/30/2023,60,0,USD," 27,600.00 "
43,11/30/2023,60,0,USD," 10,780.00 "
43,11/30/2023,60,0,USD," 10,935.00 "
43,11/30/2023,60,0,USD," 8,000.00 "
43,11/30/2023,60,0,USD," 2,252.80 "
43,12/21/2023,60,,USD," 5,600.00 "
43,12/21/2023,60,,USD," 29,520.00 "
43,12/21/2023,60,,USD," 9,000.00 "
43,12/31/2023,60,,USD," 3,400.00 "
43,12/31/2023,60,,USD," 5,440.00 "
43,12/31/2023,60,,USD," 6,800.00 "
43,12/31/2023,60,,USD," 8,640.00 "
43,12/31/2023,60,,USD," 7,020.00 "
43,12/31/2023,60,,USD," 2,816.00 "
43,12/31/2023,60,,USD," 27,120.00 "
43,12/31/2023,60,,USD," 12,540.00 "
43,12/31/2023,60,,USD," 2,252.80 "
43,12/31/2023,60,,USD," 2,816.00 "
43,12/31/2023,60,,USD," 11,572.00 "
43,12/31/2023,60,,USD," 12,760.00 "
43,12/31/2023,60,,USD," 3,360.00 "
43,12/31/2023,60,,USD," 21,040.00 "
43,12/31/2023,60,,USD," 6,000.00 "
43,1/24/2024,60,,USD," 5,040.00 "
43,1/24/2024,60,,USD," 31,760.00 "
43,1/24/2024,60,,USD," 9,000.00 "
43,1/31/2024,60,,USD," 5,040.00 "
43,1/31/2024,60,,USD," 34,960.00 "
43,1/31/2024,60,,USD," 10,000.00 "
43,1/31/2024,60,,USD," 2,534.40 "
43,1/31/2024,60,,USD," 8,842.50 "
43,1/31/2024,60,,USD," 10,800.00 "
43,1/31/2024,60,,USD," 1,689.60 "
43,1/31/2024,60,,USD," 6,120.00 "
43,1/31/2024,60,,USD," 6,120.00 "
43,1/31/2024,60,,USD," 11,484.00 "
43,1/31/2024,60,,USD," 10,428.00 "
44,10/30/2023,30,15,USD," 3,520.00 "
44,11/30/2023,30,23,USD," 3,520.00 "
44,12/31/2023,30,,USD," 3,520.00 "
44,1/31/2024,30,,USD," 3,520.00 "
45,10/31/2023,30,0,USD," 3,960.00 "
45,11/30/2023,30,9,USD," 3,080.00 "
45,12/31/2023,30,-2,USD, 880.00 
46,10/31/2023,30,-2,USD," 207,200.00 "
46,10/31/2023,30,-2,USD," 108,542.00 "
46,10/31/2023,30,-2,USD," 53,880.00 "
46,11/30/2023,30,-1,USD," 99,104.00 "
46,11/30/2023,30,-1,USD," 35,320.00 "
46,11/30/2023,30,-1,USD," 207,200.00 "
46,12/31/2023,30,-4,USD," 207,200.00 "
46,12/31/2023,30,4,USD," 91,008.00 "
46,12/31/2023,30,-4,USD," 32,400.00 "
46,1/31/2024,30,,USD," 242,240.00 "
46,1/31/2024,30,,USD," 81,304.00 "
47,10/31/2023,30,-17,USD," 1,469,678.00 "
47,10/31/2023,30,1,USD," 10,055.50 "
47,10/31/2023,30,-2,USD," 7,945.00 "
47,10/31/2023,30,-17,USD," -1,469,678.00 "
47,10/31/2023,30,0,USD," 1,469,262.00 "
47,10/31/2023,30,-2,USD," 2,414.37 "
47,10/31/2023,30,20,USD," 21,000.00 "
47,11/30/2023,30,-1,USD," 1,388,806.00 "
47,11/30/2023,30,4,USD," 25,200.00 "
47,11/30/2023,30,-1,USD," 7,945.00 "
47,11/30/2023,30,-1,USD," 21,528.00 "
47,11/30/2023,30,-1,USD," 6,664.00 "
47,12/20/2023,30,-1,USD," 46,870.00 "
47,12/26/2023,30,-2,USD," 12,672.00 "
47,12/31/2023,30,-1,USD," 1,232,300.00 "
47,12/31/2023,30,-1,USD," 9,928.00 "
47,12/31/2023,30,-1,USD," 7,945.00 "
47,12/31/2023,30,,USD," 280,448.00 "
47,1/24/2024,30,,USD," 4,104.12 "
47,1/31/2024,30,,USD," 1,207,966.00 "
47,1/31/2024,30,,USD," 7,945.00 "
47,1/31/2024,30,,USD," 12,040.00 "
48,10/25/2023,30,-3,USD," 43,480.00 "
48,10/31/2023,30,-10,USD," 12,500.00 "
48,10/31/2023,30,1,USD," 6,160.00 "
48,10/31/2023,30,-13,USD," 17,300.00 "
48,10/31/2023,30,-2,USD," 21,720.00 "
48,10/31/2023,30,-2,USD," 6,468.00 "
48,10/31/2023,30,13,USD," 4,520.00 "
48,10/31/2023,30,36,USD," 8,800.00 "
48,10/31/2023,30,12,USD," 4,752.00 "
48,10/31/2023,30,76,USD," 18,744.00 "
48,10/31/2023,30,12,USD," 8,833.33 "
48,10/31/2023,30,13,USD," 39,548.00 "
48,10/31/2023,30,12,USD," 5,236.00 "
48,10/31/2023,30,36,USD," 73,363.00 "
48,10/31/2023,30,13,USD," 56,517.36 "
48,11/30/2023,30,-2,USD," 7,392.00 "
48,11/30/2023,30,-2,USD," 4,080.00 "
48,11/30/2023,30,-2,USD," 9,240.00 "
48,11/30/2023,30,6,USD," 76,880.00 "
48,11/30/2023,30,-2,USD," 5,544.00 "
48,11/30/2023,30,33,USD," 20,142.00 "
48,11/30/2023,30,46,USD," 18,436.00 "
48,11/30/2023,30,-15,USD," 16,000.00 "
48,11/30/2023,30,-2,USD," 8,833.33 "
48,11/30/2023,30,6,USD," 3,388.00 "
48,11/30/2023,30,-12,USD," 6,160.00 "
48,11/30/2023,30,-12,USD," 12,500.00 "
48,11/30/2023,30,-2,USD," 7,260.00 "
48,11/30/2023,30,-2,USD," 2,376.00 "
48,12/22/2023,30,3,USD," 52,420.00 "
48,12/22/2023,30,1,USD," 38,180.00 "
48,12/31/2023,30,-4,USD," 4,080.00 "
48,12/31/2023,30,-4,USD," 20,370.00 "
48,12/31/2023,30,1,USD," 5,544.00 "
48,12/31/2023,30,,USD," 12,800.00 "
48,12/31/2023,30,-14,USD," 12,500.00 "
48,12/31/2023,30,-4,USD," 8,333.33 "
48,12/31/2023,30,-4,USD," 7,040.00 "
48,12/31/2023,30,-4,USD," 70,166.00 "
48,12/31/2023,30,15,USD," 6,160.00 "
48,12/31/2023,30,-4,USD," 8,360.00 "
48,12/31/2023,30,15,USD," 17,512.00 "
48,1/31/2024,30,,USD," 28,852.25 "
48,1/31/2024,30,,USD," 17,600.00 "
48,1/31/2024,30,-16,USD," 6,468.00 "
48,1/31/2024,30,,USD," 8,833.33 "
48,1/31/2024,30,,USD," 21,306.00 "
48,1/31/2024,30,,USD," 19,096.00 "
48,1/31/2024,30,,USD," 7,392.00 "
48,1/31/2024,30,,USD," 6,468.00 "
48,1/31/2024,30,,USD," 8,250.00 "
49,10/31/2023,30,-1,USD," 51,814.40 "
49,11/30/2023,30,41,USD," 42,960.00 "
49,12/31/2023,30,1,USD," 47,368.00 "
49,1/31/2024,30,,USD," 55,502.00 "
50,10/25/2023,30,-14,USD," 23,496.00 "
51,10/31/2023,30,-10,USD," 28,280.00 "
51,11/29/2023,30,-17,USD," 26,680.00 "
51,12/19/2023,30,-6,USD," 22,600.00 "
51,1/31/2024,30,,USD," 30,504.00 "
52,11/17/2023,60,,USD," 2,375.00 "
52,11/30/2023,60,,USD," 1,975.00 "
52,12/31/2023,60,,USD," 2,312.50 "
53,10/30/2023,45,21,CAD," 18,585.92 "
53,11/30/2023,45,2,CAD," 18,917.40 "
54,10/31/2023,45,14,USD," 7,126.30 "
54,10/31/2023,45,14,USD," 3,357.20 "
54,10/31/2023,45,14,USD," 1,480.00 "
54,10/31/2023,45,14,USD, 520.00 
54,10/31/2023,45,14,USD," 5,609.50 "
54,10/31/2023,45,14,USD," 2,810.25 "
54,10/31/2023,45,14,USD," 3,612.25 "
54,11/30/2023,45,17,USD," 4,253.70 "
54,11/30/2023,45,17,USD," 1,216.00 "
54,11/30/2023,45,17,USD," 1,460.00 "
54,11/30/2023,45,17,USD, 540.00 
54,11/30/2023,45,17,USD," 5,631.50 "
54,11/30/2023,45,17,USD," 2,709.75 "
54,11/30/2023,45,17,USD," 3,590.50 "
54,12/31/2023,45,,USD," 3,618.85 "
54,12/31/2023,45,,USD," 3,471.25 "
54,12/31/2023,45,,USD," 5,269.75 "
54,12/31/2023,45,,USD," 2,784.25 "
54,12/31/2023,45,,USD," 1,120.00 "
54,12/31/2023,45,,USD," 1,500.00 "
54,12/31/2023,45,,USD, 500.00 
54,1/31/2024,45,,USD," 4,314.65 "
54,1/31/2024,45,,USD," 4,061.25 "
54,1/31/2024,45,,USD," 1,213.00 "
54,1/31/2024,45,,USD," 5,779.75 "
54,1/31/2024,45,,USD, 500.00 
54,1/31/2024,45,,USD," 1,500.00 "
54,1/31/2024,45,,USD," 1,216.00 "
55,10/26/2023,30,12,USD," 5,180.00 "
55,10/26/2023,30,12,USD," 4,000.00 "
55,10/26/2023,30,12,USD," 5,280.00 "
55,10/26/2023,30,12,USD," 4,560.00 "
55,10/26/2023,30,12,USD," 5,600.00 "
55,11/22/2023,30,14,USD," 3,800.00 "
55,11/22/2023,30,14,USD," 4,224.00 "
55,11/22/2023,30,14,USD," 3,840.00 "
55,11/22/2023,30,14,USD," 5,040.00 "
55,11/22/2023,30,14,USD," 5,040.00 "
55,12/31/2023,30,15,USD," 6,160.00 "
55,12/31/2023,30,15,USD," 4,000.00 "
55,12/31/2023,30,15,USD," 6,336.00 "
55,12/31/2023,30,15,USD," 5,760.00 "
55,12/31/2023,30,15,USD," 6,160.00 "
55,1/31/2024,30,,USD," 26,968.00 "
56,10/31/2023,75,18,USD," 6,144.00 "
56,11/30/2023,75,,USD," 6,912.00 "
56,12/31/2023,75,,USD," 5,376.00 "
57,10/31/2023,30,-9,USD," 27,385.00 "
57,10/31/2023,30,-9,USD," 16,560.00 "
57,10/31/2023,30,-9,USD," 6,743.00 "
57,10/31/2023,30,-9,USD," 5,040.00 "
57,10/31/2023,30,-9,USD," 4,200.00 "
57,10/31/2023,30,-9,USD," 21,000.00 "
57,10/31/2023,30,-9,USD," 3,000.00 "
57,10/31/2023,30,-9,USD," 12,000.00 "
57,10/31/2023,30,-9,USD," 3,246.44 "
57,10/31/2023,30,-9,USD," 25,471.60 "
57,10/31/2023,30,-9,USD," 4,422.50 "
57,10/31/2023,30,-9,USD," 31,080.00 "
57,11/14/2023,30,-2,USD," 7,156.00 "
57,11/14/2023,30,-2,USD," 3,290.00 "
57,11/30/2023,30,-8,USD," 3,024.00 "
57,11/30/2023,30,-8,USD," 5,040.00 "
57,11/30/2023,30,-8,USD," 6,743.00 "
57,11/30/2023,30,-8,USD," 16,560.00 "
57,11/30/2023,30,-8,USD," 27,385.00 "
57,11/30/2023,30,-8,USD," 31,080.00 "
57,11/30/2023,30,-8,USD," 3,000.00 "
57,11/30/2023,30,-8,USD," 12,000.00 "
57,11/30/2023,30,-8,USD," 4,422.50 "
57,11/30/2023,30,-1,USD," 1,121.59 "
57,11/30/2023,30,-1,USD," 25,471.60 "
57,12/28/2023,30,1,USD," 3,000.00 "
57,12/28/2023,30,1,USD," 12,000.00 "
57,12/28/2023,30,1,USD," 4,422.50 "
57,12/28/2023,30,1,USD," 25,471.60 "
57,12/28/2023,30,1,USD, 714.64 
57,12/27/2023,30,-1,USD," 31,080.00 "
57,12/27/2023,30,-1,USD," 5,040.00 "
57,12/27/2023,30,-1,USD," 3,024.00 "
57,12/27/2023,30,-1,USD," 6,743.00 "
57,12/27/2023,30,-1,USD," 16,560.00 "
57,12/27/2023,30,-1,USD," 27,385.00 "
57,1/18/2024,30,,USD," 10,000.00 "
57,1/31/2024,30,,USD," 31,080.00 "
57,1/31/2024,30,,USD," 10,470.00 "
57,1/31/2024,30,,USD," 3,024.00 "
57,1/31/2024,30,,USD," 6,743.00 "
57,1/31/2024,30,,USD," 27,385.00 "
57,1/31/2024,30,,USD," 16,560.00 "
57,1/31/2024,30,,USD," 15,862.00 "
57,1/31/2024,30,,USD," 4,422.50 "
57,1/31/2024,30,,USD, 552.24 
57,1/31/2024,30,,USD," 25,471.60 "
57,1/31/2024,30,,USD," 8,288.82 "
57,1/31/2024,30,,USD," 9,969.00 "
57,1/31/2024,30,,USD," 6,600.00 "
58,10/31/2023,30,-2,USD," 6,160.00 "
58,10/31/2023,30,-2,USD," 4,180.00 "
58,10/31/2023,30,-2,USD," 5,684.80 "
58,10/31/2023,30,-2,USD," 10,243.20 "
58,11/16/2023,30,-3,USD," 8,064.00 "
58,11/30/2023,30,-8,USD," 3,960.00 "
58,11/30/2023,30,-8,USD," 13,543.20 "
58,11/30/2023,30,-8,USD," 4,787.20 "
58,11/30/2023,30,-8,USD," 3,696.00 "
58,11/30/2023,30,-8,USD," 13,776.00 "
58,12/31/2023,30,-1,USD," 4,787.20 "
58,12/31/2023,30,-1,USD," 3,080.00 "
58,12/31/2023,30,-1,USD," 13,440.00 "
58,12/31/2023,30,-1,USD," 2,860.00 "
58,12/31/2023,30,-1,USD," 10,560.00 "
58,1/31/2024,30,,USD," 6,048.00 "
58,1/31/2024,30,,USD," 4,180.00 "
58,1/31/2024,30,,USD," 5,684.80 "
58,1/31/2024,30,,USD," 6,133.60 "
58,1/31/2024,30,,USD," 13,701.60 "
58,1/31/2024,30,,USD," 75,000.00 "
59,10/20/2023,45,3,USD," 140,000.01 "
59,10/31/2023,45,-8,USD," 45,684.59 "
59,11/30/2023,45,-24,USD," 100,000.00 "
59,11/30/2023,45,-6,USD," 41,279.77 "
59,12/13/2023,45,-39,USD," 99,760.00 "
59,12/31/2023,45,-6,USD," 41,966.60 "
59,1/31/2024,45,,USD," 37,027.27 "
60,10/31/2023,30,0,USD," 64,475.58 "
60,10/31/2023,30,0,USD," 79,816.10 "
60,10/31/2023,30,0,USD," 5,132.34 "
60,10/31/2023,30,0,USD," 26,822.40 "
60,10/31/2023,30,0,USD," 37,000.00 "
60,10/31/2023,30,-6,USD," 30,480.00 "
60,10/31/2023,30,0,USD," 14,485.68 "
60,10/31/2023,30,0,USD," 32,831.04 "
60,10/31/2023,30,0,USD," 16,896.00 "
60,10/31/2023,30,0,USD," 18,513.00 "
60,10/31/2023,30,0,USD," 8,265.40 "
60,10/31/2023,30,0,USD," 8,264.96 "
60,10/31/2023,30,0,USD," 27,297.60 "
60,10/31/2023,30,-6,USD," 338,899.49 "
60,10/31/2023,30,0,USD," 11,297.44 "
60,10/31/2023,30,0,USD," 21,600.00 "
60,10/31/2023,30,0,USD," 8,803.52 "
60,10/31/2023,30,0,USD," 4,394.72 "
60,10/31/2023,30,0,USD," 87,593.88 "
60,11/30/2023,30,5,USD," 37,000.00 "
60,11/30/2023,30,-1,USD," 15,360.00 "
60,11/30/2023,30,5,USD," 28,800.00 "
60,11/30/2023,30,-9,USD," 31,471.44 "
60,11/30/2023,30,-1,USD," 27,557.20 "
60,11/30/2023,30,5,USD," 13,591.60 "
60,11/30/2023,30,-9,USD," 323,143.00 "
60,11/30/2023,30,5,USD," 3,732.61 "
60,11/30/2023,30,20,USD," 3,595.68 "
60,11/30/2023,30,-9,USD," 10,241.44 "
60,11/30/2023,30,-1,USD," 4,323.44 "
60,11/30/2023,30,-1,USD," 7,756.76 "
60,11/30/2023,30,-9,USD," 17,839.80 "
60,11/30/2023,30,5,USD," 23,328.80 "
60,11/30/2023,30,-9,USD," 83,929.44 "
60,11/30/2023,30,5,USD," 66,637.74 "
60,11/30/2023,30,-1,USD," 75,384.40 "
60,12/31/2023,30,2,USD," 47,416.98 "
60,12/31/2023,30,-5,USD," 63,097.84 "
60,12/31/2023,30,-5,USD," 37,000.00 "
60,12/31/2023,30,-5,USD," 21,199.20 "
60,12/31/2023,30,-11,USD," 14,592.00 "
60,12/31/2023,30,-5,USD," 78,455.92 "
60,12/31/2023,30,-5,USD," 25,957.50 "
60,12/31/2023,30,-5,USD," 28,082.30 "
60,12/31/2023,30,-5,USD," 323,143.00 "
60,12/31/2023,30,-5,USD," 6,993.80 "
60,12/31/2023,30,-5,USD," 17,952.00 "
60,12/31/2023,30,-11,USD," 4,199.18 "
60,12/31/2023,30,2,USD," 3,468.00 "
60,12/31/2023,30,-11,USD," 26,560.00 "
60,12/31/2023,30,-11,USD," 14,192.85 "
60,12/31/2023,30,-11,USD," 3,995.20 "
60,12/31/2023,30,2,USD, 855.44 
60,12/31/2023,30,-11,USD," 9,478.48 "
60,1/31/2024,30,,USD," 38,480.00 "
60,1/31/2024,30,,USD," 16,128.00 "
60,1/31/2024,30,,USD," 29,282.00 "
60,1/31/2024,30,,USD," 28,496.33 "
60,1/31/2024,30,,USD," 4,665.76 "
60,1/31/2024,30,,USD," 9,158.16 "
60,1/31/2024,30,,USD," 18,096.18 "
60,1/31/2024,30,,USD," 7,883.92 "
60,1/31/2024,30,,USD," 17,278.80 "
60,1/31/2024,30,,USD," 94,534.88 "
60,1/31/2024,30,,USD," 336,215.00 "
60,1/31/2024,30,,USD," 15,488.20 "
60,1/31/2024,30,,USD," 63,390.60 "
60,1/31/2024,30,,USD," 4,394.72 "
60,1/31/2024,30,,USD," 25,555.20 "
60,1/31/2024,30,,USD," 5,086.40 "
61,10/31/2023,30,-7,USD," 18,480.00 "
61,10/31/2023,30,-7,USD," 14,364.00 "
61,10/31/2023,30,-7,USD," 17,640.00 "
61,10/31/2023,30,-7,USD," 23,520.00 "
61,10/31/2023,30,-7,USD," 17,640.00 "
61,10/31/2023,30,-7,USD," 7,875.00 "
61,10/31/2023,30,-7,USD," 7,182.00 "
61,10/31/2023,30,-7,USD," 6,498.00 "
61,10/31/2023,30,-9,USD," 23,940.00 "
61,10/31/2023,30,-7,USD," 21,840.00 "
61,10/31/2023,30,-7,USD," 10,080.00 "
61,10/31/2023,30,-7,USD," 5,643.00 "
61,10/31/2023,30,22,USD," 22,000.00 "
61,10/31/2023,30,-7,USD," 18,000.00 "
61,10/31/2023,30,14,USD," 115,000.00 "
61,10/31/2023,30,-7,USD," 15,120.00 "
61,10/31/2023,30,14,USD," 8,360.00 "
61,10/31/2023,30,0,USD," 13,376.00 "
61,11/16/2023,30,-2,USD," 6,688.00 "
61,11/16/2023,30,-2,USD," 40,656.00 "
61,11/17/2023,30,-3,USD," 21,728.00 "
61,11/30/2023,30,-16,USD," 16,128.00 "
61,11/30/2023,30,-16,USD," 21,280.00 "
61,11/30/2023,30,-8,USD," 21,840.00 "
61,11/30/2023,30,-16,USD," 7,470.00 "
61,11/30/2023,30,-16,USD," 7,182.00 "
61,11/30/2023,30,-8,USD," 15,960.00 "
61,11/30/2023,30,-8,USD," 17,640.00 "
61,11/30/2023,30,-16,USD," 13,376.00 "
61,11/30/2023,30,-16,USD," 40,656.00 "
61,11/30/2023,30,-8,USD," 20,000.00 "
61,11/30/2023,30,-8,USD," 6,840.00 "
61,11/30/2023,30,-16,USD," 16,800.00 "
61,11/30/2023,30,-8,USD," 17,640.00 "
61,11/30/2023,30,-8,USD," 16,800.00 "
61,11/30/2023,30,-16,USD," 6,688.00 "
61,11/30/2023,30,-1,USD," 5,940.00 "
61,11/30/2023,30,-8,USD," 17,152.00 "
61,11/30/2023,30,-16,USD," 18,480.00 "
61,11/30/2023,30,-8,USD," 17,640.00 "
61,11/30/2023,30,-8,USD," 20,333.63 "
61,12/31/2023,30,-19,USD," 20,800.00 "
61,12/31/2023,30,-19,USD," 16,800.00 "
61,12/31/2023,30,-19,USD," 16,128.00 "
61,12/31/2023,30,-2,USD," 11,494.50 "
61,12/31/2023,30,-19,USD," 15,500.00 "
61,12/31/2023,30,-19,USD," 15,120.00 "
61,12/31/2023,30,-19,USD," 21,440.00 "
61,12/31/2023,30,-19,USD," 8,100.00 "
61,12/31/2023,30,-19,USD," 6,840.00 "
61,12/31/2023,30,-19,USD," 6,156.00 "
61,12/31/2023,30,-19,USD," 15,200.00 "
61,12/31/2023,30,-19,USD," 5,346.00 "
61,12/31/2023,30,-19,USD," 17,920.00 "
61,12/31/2023,30,-19,USD," 17,600.00 "
61,12/31/2023,30,-19,USD," 6,688.00 "
61,12/31/2023,30,-19,USD," 13,376.00 "
61,12/31/2023,30,-19,USD," 1,680.00 "
61,12/31/2023,30,-19,USD," 13,860.00 "
61,12/31/2023,30,-19,USD," 16,800.00 "
61,12/31/2023,30,-19,USD," 67,000.00 "
61,12/31/2023,30,-19,USD," 40,656.00 "
61,12/31/2023,30,-2,USD," 20,000.00 "
61,12/31/2023,30,-2,USD," 10,000.00 "
