Customer Name,Invoice Date ,Credit Terms,Actual Delay over and above Agreed Credit Terms,Invoice Currency,Invoice Amount
1,2023-10-31,30,42.0,USD,56800.0
1,2023-11-30,30,,USD,50440.0
1,2023-12-31,30,-11.0,USD,40640.0
1,2024-01-31,30,,USD,59640.0
2,2023-10-13,30,-11.0,USD,99761.25
2,2023-10-13,30,-11.0,USD,99761.25
2,2023-10-13,30,-11.0,USD,99761.25
2,2023-10-13,30,-11.0,USD,99761.25
2,2023-10-13,30,5.0,USD,99761.25
2,2023-10-31,30,4.0,USD,94289.99
2,2023-10-31,30,-9.0,USD,503393.32
2,2023-10-31,30,-9.0,USD,149988.0
2,2023-10-31,30,63.0,USD,27224.0
2,2023-10-31,30,-13.0,USD,707624.06
2,2023-10-31,30,-9.0,USD,426825.8
2,2023-10-31,30,-9.0,USD,239532.0
2,2023-10-31,30,-13.0,USD,300794.68
2,2023-10-31,30,0.0,USD,5226.67
2,2023-10-31,30,0.0,USD,992888.0
2,2023-10-31,30,0.0,USD,15680.0
2,2023-10-31,30,0.0,USD,53959.33
2,2023-10-31,30,-13.0,USD,21000.0
2,2023-10-31,30,-13.0,USD,23500.0
2,2023-10-31,30,-13.0,USD,30000.0
2,2023-10-31,30,-13.0,USD,30000.0
2,2023-10-31,30,0.0,USD,39583.0
2,2023-10-31,30,-13.0,USD,60433.34
2,2023-10-31,30,-13.0,USD,60433.35
2,2023-10-31,30,0.0,USD,59208.33
2,2023-10-31,30,0.0,USD,70634.0
2,2023-10-31,30,0.0,USD,268549.05
2,2023-10-31,30,4.0,USD,32666.67
2,2023-10-31,30,4.0,USD,14700.0
2,2023-10-31,30,0.0,USD,114818.62
2,2023-10-31,30,4.0,USD,27245.44
2,2023-10-31,30,4.0,USD,33802.0
2,2023-10-31,30,4.0,USD,11340.0
2,2023-10-31,30,-13.0,USD,2240.0
2,2023-10-31,30,-9.0,USD,73740.0
2,2023-11-14,30,-23.0,USD,-239532.0
2,2023-11-16,30,-12.0,USD,222312.0
2,2023-11-16,30,10.0,USD,6613.0
2,2023-11-17,30,-16.0,USD,99761.25
2,2023-11-17,30,9.0,USD,6125.0
2,2023-11-30,30,11.0,USD,15680.0
2,2023-11-30,30,-4.0,USD,5226.67
2,2023-11-30,30,-11.0,USD,110576.66
2,2023-11-30,30,-11.0,USD,60433.34
2,2023-11-30,30,-11.0,USD,29400.0
2,2023-11-30,30,-11.0,USD,295392.01
2,2023-11-30,30,-11.0,USD,725043.4
2,2023-11-30,30,23.0,USD,59208.33
2,2023-11-30,30,-4.0,USD,70634.0
2,2023-11-30,30,-4.0,USD,53959.33
2,2023-11-30,30,-4.0,USD,39583.0
2,2023-11-30,30,-3.0,USD,30000.0
2,2023-11-30,30,-11.0,USD,23500.0
2,2023-11-30,30,-11.0,USD,21000.0
2,2023-11-30,30,17.0,USD,30000.0
2,2023-11-30,30,-11.0,USD,32666.67
2,2023-11-30,30,-12.0,USD,73740.0
2,2023-11-30,30,-11.0,USD,14700.0
2,2023-11-30,30,-11.0,USD,99761.25
2,2023-11-30,30,-4.0,USD,7000.0
2,2023-11-30,30,33.0,USD,30680.0
2,2023-11-30,30,-11.0,USD,-295392.01
2,2023-11-30,30,-11.0,USD,295392.01
2,2023-11-30,30,-11.0,USD,219432.0
2,2023-11-30,30,-4.0,USD,151044.0
2,2023-11-30,30,27.0,USD,6519.5
2,2023-11-30,30,-4.0,USD,406969.8
2,2023-11-30,30,-4.0,USD,115956.1
2,2023-11-30,30,-4.0,USD,992888.0
2,2023-11-30,30,3.0,USD,27245.44
2,2023-11-30,30,3.0,USD,33802.0
2,2023-11-30,30,-4.0,USD,268549.05
2,2023-11-30,30,-4.0,USD,11340.0
2,2023-11-30,30,-4.0,USD,2240.0
2,2023-11-30,30,23.0,USD,521278.32
2,2023-11-30,30,-4.0,USD,35709.0
2,2023-12-13,30,10.0,USD,118200.0
2,2023-12-19,30,4.0,USD,446621.0
2,2023-12-19,30,4.0,USD,844316.0
2,2023-12-21,30,2.0,USD,2100000.0
2,2023-12-21,30,-10.0,USD,6270.0
2,2023-12-21,30,-10.0,USD,1666.2
2,2023-12-21,30,-10.0,USD,6270.0
2,2023-12-21,30,-10.0,USD,1666.2
2,2023-12-27,30,0.0,USD,192044.0
2,2023-12-28,30,-12.0,USD,73740.0
2,2023-12-27,30,-11.0,USD,271344.01
2,2023-12-27,30,-11.0,USD,29400.0
2,2023-12-27,30,-11.0,USD,713308.73
2,2023-12-27,30,-11.0,USD,60433.34
2,2023-12-27,30,0.0,USD,110576.66
2,2023-12-27,30,-4.0,USD,513356.66
2,2023-12-27,30,-11.0,USD,34416.67
2,2023-12-27,30,-4.0,USD,403049.8
2,2023-12-27,30,-4.0,USD,140384.0
2,2023-12-27,30,20.0,USD,5226.67
2,2023-12-27,30,,USD,35096.0
2,2023-12-27,30,-4.0,USD,15680.0
2,2023-12-27,30,-11.0,USD,99761.25
2,2023-12-29,30,-2.0,USD,32666.67
2,2023-12-31,30,-8.0,USD,30000.0
2,2023-12-31,30,13.0,USD,21000.0
2,2023-12-31,30,-8.0,USD,30000.0
2,2023-12-31,30,-6.0,USD,23500.0
2,2023-12-31,30,-4.0,USD,53959.33
2,2023-12-31,30,-4.0,USD,59208.33
2,2023-12-31,30,-4.0,USD,70634.0
2,2023-12-31,30,-4.0,USD,39583.0
2,2023-12-31,30,-4.0,USD,268549.05
2,2023-12-31,30,-4.0,USD,992888.0
2,2023-12-31,30,2.0,USD,7669.0
2,2023-12-31,30,-4.0,USD,2240.0
2,2023-12-31,30,2.0,USD,11340.0
2,2023-12-31,30,-4.0,USD,27245.44
2,2023-12-31,30,-4.0,USD,33802.0
2,2023-12-31,30,16.0,USD,113737.73
2,2024-01-31,30,,USD,73740.0
2,2024-01-31,30,,USD,197001.0
2,2024-01-31,30,-29.0,USD,-3850.0
2,2024-01-31,30,,USD,30000.0
2,2024-01-31,30,,USD,23500.0
2,2024-01-31,30,,USD,32666.67
2,2024-01-31,30,,USD,99761.25
2,2024-01-31,30,,USD,21000.0
2,2024-01-31,30,,USD,59208.33
2,2024-01-31,30,,USD,70634.0
2,2024-01-31,30,,USD,15680.0
2,2024-01-31,30,,USD,53959.33
2,2024-01-31,30,,USD,113898.79
2,2024-01-31,30,-30.0,USD,33802.0
2,2024-01-31,30,,USD,11340.0
2,2024-01-31,30,-30.0,USD,27245.44
2,2024-01-31,30,,USD,11726.0
2,2024-01-31,30,,USD,2240.0
2,2024-01-31,30,-30.0,USD,-33802.0
2,2024-01-31,30,-30.0,USD,-27245.44
2,2024-01-31,30,,USD,33802.0
2,2024-01-31,30,,USD,27245.44
2,2024-01-31,30,,USD,15000.0
2,2024-01-31,30,,USD,26100.0
2,2024-01-31,30,,USD,1119556.0
2,2024-01-31,30,,USD,5226.67
2,2024-01-31,30,,USD,20416.67
2,2024-01-31,30,,USD,497839.99
2,2024-01-31,30,,USD,385949.8
2,2024-01-31,30,,USD,127264.0
2,2024-01-31,30,,USD,192044.0
2,2024-01-31,30,,USD,268549.05
2,2024-01-31,30,,USD,7647.0
2,2024-01-31,30,,USD,982458.73
2,2024-01-31,30,,USD,60433.34
2,2024-01-31,30,,USD,105303.33
3,2023-10-30,60,-16.0,USD,11112.0
3,2023-10-31,60,-17.0,GBP,20165.43
3,2023-10-31,60,-15.0,GBP,4207.2
3,2023-10-31,60,-17.0,GBP,44585.42
3,2023-10-31,60,-17.0,GBP,62589.58
3,2023-11-17,60,-27.0,GBP,10353.14
3,2023-11-30,60,-29.0,GBP,5256.14
3,2023-11-30,60,-29.0,GBP,46619.71
3,2023-11-30,60,-29.0,GBP,59422.36
3,2023-11-30,60,-29.0,GBP,10969.34
3,2023-12-31,60,,GBP,46689.48
3,2023-12-31,60,,GBP,10985.76
3,2023-12-31,60,,GBP,46221.57
3,2023-12-31,60,,GBP,4577.4
3,2024-01-31,60,,GBP,46509.55
3,2024-01-31,60,,GBP,66141.85
4,2023-10-31,30,-15.0,USD,16720.0
4,2023-10-31,30,12.0,USD,3015.81
4,2023-10-31,30,12.0,USD,16845.84
4,2023-10-31,30,41.0,USD,6156.0
4,2023-10-31,30,-15.0,USD,5400.0
4,2023-10-31,30,12.0,USD,900.0
4,2023-10-31,30,-15.0,USD,17600.0
4,2023-10-31,30,-15.0,USD,14080.0
4,2023-10-31,30,-15.0,USD,19360.0
4,2023-10-31,30,12.0,USD,29040.0
4,2023-10-31,30,41.0,USD,21525.24
4,2023-10-31,30,12.0,USD,16720.0
4,2023-10-31,30,12.0,USD,15909.96
4,2023-10-31,30,-16.0,USD,11440.0
4,2023-10-31,30,-16.0,USD,5643.0
4,2023-10-31,30,-17.0,USD,4860.0
4,2023-10-31,30,41.0,USD,5130.0
4,2023-10-31,30,-16.0,USD,5760.0
4,2023-10-31,30,-17.0,USD,6048.0
4,2023-10-31,30,-16.0,USD,5184.0
4,2023-10-31,30,-17.0,USD,5985.0
4,2023-10-31,30,13.0,USD,6156.0
4,2023-10-31,30,-17.0,USD,5130.0
4,2023-10-31,30,-17.0,USD,5040.0
4,2023-10-31,30,-17.0,USD,5760.0
4,2023-10-31,30,68.0,USD,2700.0
4,2023-10-31,30,-17.0,USD,7560.0
4,2023-10-31,30,-17.0,USD,5760.0
4,2023-10-31,30,49.0,USD,4860.0
4,2023-10-31,30,-17.0,USD,4770.0
4,2023-10-31,30,7.0,USD,6318.0
4,2023-10-31,30,-17.0,USD,5310.0
4,2023-10-31,30,21.0,USD,4050.0
4,2023-10-31,30,-21.0,USD,5832.0
4,2023-10-31,30,-17.0,USD,5670.0
4,2023-10-31,30,-17.0,USD,5400.0
4,2023-10-31,30,14.0,USD,5400.0
4,2023-10-31,30,-17.0,USD,4050.0
4,2023-10-31,30,,USD,5130.0
4,2023-10-31,30,-16.0,USD,4158.0
4,2023-10-31,30,-16.0,USD,5643.0
4,2023-10-31,30,,USD,4320.0
4,2023-10-31,30,7.0,USD,5049.0
4,2023-10-31,30,-16.0,USD,5049.0
4,2023-10-31,30,14.0,USD,5130.0
4,2023-10-31,30,,USD,5940.0
4,2023-10-31,30,7.0,USD,5494.5
4,2023-10-31,30,12.0,USD,5890.32
4,2023-10-31,30,15.0,USD,1944.0
4,2023-10-31,30,68.0,USD,2430.0
4,2023-11-29,30,-17.0,USD,-5890.32
4,2023-11-29,30,-15.0,USD,5832.0
4,2023-11-29,30,-15.0,USD,8800.0
4,2023-11-30,30,8.0,USD,15200.0
4,2023-11-30,30,46.0,USD,13697.88
4,2023-11-30,30,8.0,USD,27060.0
4,2023-11-30,30,-15.0,USD,18040.0
4,2023-11-30,30,-11.0,USD,13120.0
4,2023-11-30,30,-16.0,USD,16400.0
4,2023-11-30,30,-16.0,USD,5670.0
4,2023-11-30,30,8.0,USD,6480.0
4,2023-11-30,30,-17.0,USD,5184.0
4,2023-11-30,30,-16.0,USD,5940.0
4,2023-11-30,30,-11.0,USD,5400.0
4,2023-11-30,30,8.0,USD,5670.0
4,2023-11-30,30,-11.0,USD,5472.0
4,2023-11-30,30,19.0,USD,4320.0
4,2023-11-30,30,-11.0,USD,4896.0
4,2023-11-30,30,8.0,USD,5832.0
4,2023-11-30,30,-16.0,USD,6237.0
4,2023-11-30,30,-11.0,USD,5670.0
4,2023-11-30,30,,USD,4590.0
4,2023-11-30,30,,USD,6534.0
4,2023-11-30,30,-11.0,USD,4860.0
4,2023-11-30,30,46.0,USD,5940.0
4,2023-11-30,30,38.0,USD,4860.0
4,2023-11-30,30,,USD,6088.5
4,2023-11-30,30,-16.0,USD,5940.0
4,2023-11-30,30,-11.0,USD,5400.0
4,2023-11-30,30,-12.0,USD,5670.0
4,2023-11-30,30,-11.0,USD,5940.0
4,2023-11-30,30,-17.0,USD,6804.0
4,2023-11-30,30,-12.0,USD,5670.0
4,2023-11-30,30,-12.0,USD,5430.0
4,2023-11-30,30,-12.0,USD,5400.0
4,2023-11-30,30,19.0,USD,4590.0
4,2023-11-30,30,-11.0,USD,7200.0
4,2023-11-30,30,-11.0,USD,5400.0
4,2023-11-30,30,-12.0,USD,6480.0
4,2023-11-30,30,24.0,USD,6300.0
4,2023-11-30,30,-16.0,USD,6192.0
4,2023-11-30,30,-16.0,USD,6048.0
4,2023-11-30,30,-16.0,USD,6480.0
4,2023-12-31,30,4.0,USD,15548.37
4,2023-12-31,30,4.0,USD,15200.0
4,2023-12-31,30,4.0,USD,760.0
4,2023-12-31,30,4.0,USD,26400.0
4,2023-12-31,30,-23.0,USD,17600.0
4,2023-12-31,30,-18.0,USD,16000.0
4,2023-12-31,30,-30.0,USD,4320.0
4,2023-12-31,30,,USD,5508.0
4,2023-12-31,30,-23.0,USD,5328.0
4,2023-12-31,30,-30.0,USD,-3510.0
4,2023-12-31,30,-30.0,USD,-810.0
4,2023-12-31,30,-30.0,USD,-18400.0
4,2023-12-31,30,-30.0,USD,-540.0
4,2023-12-31,30,-30.0,USD,-4320.0
4,2023-12-31,30,-16.0,USD,7040.0
4,2023-12-31,30,-18.0,USD,5346.0
4,2023-12-31,30,,USD,6156.0
4,2023-12-31,30,-16.0,USD,4320.0
4,2023-12-31,30,-16.0,USD,5184.0
4,2023-12-31,30,,USD,5400.0
4,2023-12-31,30,-16.0,USD,5472.0
4,2023-12-31,30,4.0,USD,4725.0
4,2023-12-31,30,,USD,5130.0
4,2023-12-31,30,-18.0,USD,5346.0
4,2023-12-31,30,-16.0,USD,5130.0
4,2023-12-31,30,,USD,5400.0
4,2023-12-31,30,,USD,5643.0
4,2023-12-31,30,,USD,5400.0
4,2023-12-31,30,15.0,USD,5643.0
4,2023-12-31,30,-16.0,USD,5670.0
4,2023-12-31,30,7.0,USD,5049.0
4,2023-12-31,30,-21.0,USD,5643.0
4,2023-12-31,30,-16.0,USD,3780.0
4,2023-12-31,30,-18.0,USD,4860.0
4,2023-12-31,30,-18.0,USD,3780.0
4,2023-12-31,30,-21.0,USD,6480.0
4,2023-12-31,30,-16.0,USD,4860.0
4,2023-12-31,30,-18.0,USD,5400.0
4,2023-12-31,30,-18.0,USD,5520.0
4,2023-12-31,30,-12.0,USD,3780.0
4,2023-12-31,30,-18.0,USD,4860.0
4,2023-12-31,30,-18.0,USD,6480.0
4,2023-12-31,30,,USD,6300.0
4,2023-12-31,30,-21.0,USD,5472.0
4,2023-12-31,30,-21.0,USD,6048.0
4,2023-12-31,30,-21.0,USD,6480.0
4,2023-12-31,30,-7.0,USD,7200.0
4,2024-01-31,30,,USD,7200.0
4,2024-01-31,30,,USD,3036.24
4,2024-01-31,30,,USD,15200.0
4,2024-01-31,30,,USD,20546.82
4,2024-01-31,30,,USD,18480.0
4,2024-01-31,30,,USD,16800.0
4,2024-01-31,30,,USD,26400.0
4,2024-01-31,30,,USD,5400.0
4,2024-01-31,30,,USD,6156.0
4,2024-01-31,30,,USD,5760.0
4,2024-01-31,30,,USD,15909.96
4,2024-01-31,30,,USD,5130.0
4,2024-01-31,30,,USD,3510.0
4,2024-01-31,30,,USD,15005.99
4,2024-01-31,30,,USD,14760.0
4,2024-01-31,30,,USD,7920.0
4,2024-01-31,30,,USD,6480.0
4,2024-01-31,30,,USD,6048.0
4,2024-01-31,30,,USD,6048.0
4,2024-01-31,30,,USD,6300.0
4,2024-01-31,30,,USD,6804.0
4,2024-01-31,30,,USD,5400.0
4,2024-01-31,30,,USD,7200.0
4,2024-01-31,30,,USD,5130.0
4,2024-01-31,30,,USD,5130.0
4,2024-01-31,30,,USD,5670.0
4,2024-01-31,30,,USD,6804.0
4,2024-01-31,30,,USD,5130.0
4,2024-01-31,30,,USD,5670.0
4,2024-01-31,30,,USD,5400.0
4,2024-01-31,30,,USD,5643.0
4,2024-01-31,30,,USD,6237.0
4,2024-01-31,30,,USD,5670.0
4,2024-01-31,30,,USD,5346.0
4,2024-01-31,30,,USD,5940.0
4,2024-01-31,30,,USD,6237.0
4,2024-01-31,30,-16.0,USD,4752.0
4,2024-01-31,30,,USD,5400.0
4,2024-01-31,30,,USD,5670.0
4,2024-01-31,30,,USD,5130.0
4,2024-01-31,30,-16.0,USD,5643.0
4,2024-01-31,30,,USD,5760.0
4,2024-01-31,30,,USD,5760.0
4,2024-01-31,30,-18.0,USD,5832.0
4,2024-01-31,30,-16.0,USD,6048.0
4,2024-01-31,30,,USD,5400.0
4,2024-01-31,30,,USD,5670.0
5,2023-10-31,60,19.0,USD,34194.0
5,2023-10-31,60,13.0,USD,21168.0
5,2023-10-31,60,19.0,USD,23492.0
5,2023-10-31,60,19.0,USD,17600.0
5,2023-10-31,60,19.0,USD,22800.0
5,2023-10-31,60,19.0,USD,66803.52
5,2023-10-31,60,13.0,USD,18040.0
5,2023-10-31,60,19.0,USD,36960.0
5,2023-10-31,60,19.0,USD,40672.0
5,2023-10-31,60,19.0,USD,46264.0
5,2023-10-31,60,30.0,USD,116168.0
5,2023-10-31,60,19.0,USD,11760.0
5,2023-10-31,60,,USD,11760.0
5,2023-10-31,60,30.0,USD,32884.96
5,2023-10-31,60,30.0,USD,18040.0
5,2023-10-31,60,19.0,USD,134110.72
5,2023-10-31,60,13.0,USD,25464.0
5,2023-10-31,60,19.0,USD,194008.0
5,2023-10-31,60,19.0,USD,81288.0
5,2023-10-31,60,,USD,46512.0
5,2023-10-31,60,30.0,USD,8439.44
5,2023-10-31,60,13.0,USD,29752.8
5,2023-10-31,60,30.0,USD,22797.6
5,2023-10-31,60,13.0,USD,41352.96
5,2023-10-31,60,19.0,USD,49371.84
5,2023-10-31,60,19.0,USD,568516.96
5,2023-10-31,60,19.0,USD,9240.0
5,2023-10-31,60,19.0,USD,64098.72
5,2023-10-31,60,,USD,26928.0
5,2023-10-31,60,19.0,USD,69074.88
5,2023-10-31,60,,USD,92064.0
5,2023-10-31,60,19.0,USD,50400.0
5,2023-10-31,60,30.0,USD,34472.0
5,2023-10-31,60,,USD,11760.0
5,2023-10-31,60,19.0,USD,6864.0
5,2023-10-31,60,19.0,USD,12432.0
5,2023-10-31,60,19.0,USD,8400.0
5,2023-10-31,60,19.0,USD,34760.0
5,2023-10-31,60,19.0,USD,93795.52
5,2023-10-31,60,13.0,USD,44544.0
5,2023-10-31,60,13.0,USD,21315.84
5,2023-10-31,60,13.0,USD,53088.0
5,2023-10-31,60,30.0,USD,7640.0
5,2023-10-31,60,30.0,USD,6240.0
5,2023-10-31,60,19.0,USD,57276.88
5,2023-10-31,60,19.0,USD,157664.0
5,2023-10-31,60,13.0,USD,110208.0
5,2023-10-31,60,19.0,USD,251400.28
5,2023-10-31,60,13.0,USD,96592.64
5,2023-10-31,60,,USD,115227.84
5,2023-10-31,60,13.0,USD,45848.0
5,2023-10-31,60,19.0,USD,72072.0
5,2023-10-31,60,19.0,USD,53873.33
5,2023-10-31,60,30.0,USD,6303.45
5,2023-10-31,60,30.0,USD,24401.7
5,2023-10-31,60,13.0,USD,6216.0
5,2023-10-31,60,19.0,USD,84000.0
5,2023-12-13,60,,USD,585.0
5,2023-12-13,60,,USD,332.0
5,2023-12-13,60,,USD,694.0
5,2023-12-13,60,,USD,2095.0
5,2023-12-25,60,,USD,90000.0
5,2023-12-26,60,,USD,9472.0
5,2023-12-27,60,,USD,9504.0
5,2023-12-27,60,,USD,16128.0
5,2023-12-27,60,,USD,48032.0
5,2023-12-27,60,,USD,29752.8
5,2023-12-27,60,,USD,12760.0
5,2023-12-31,60,,USD,107919.68
5,2023-12-31,60,,USD,32492.0
5,2023-12-31,60,,USD,5300.0
5,2023-12-31,60,,USD,454756.72
5,2023-12-31,60,,USD,63530.88
5,2023-12-31,60,,USD,39600.0
5,2023-12-31,60,,USD,8400.0
5,2023-12-31,60,,USD,90000.0
5,2023-12-27,60,,USD,14080.0
5,2023-12-27,60,,USD,17489.92
5,2023-12-31,60,,USD,35504.0
5,2023-12-31,60,,USD,18944.0
5,2023-12-31,60,,USD,8120.0
5,2023-12-31,60,,USD,21100.0
5,2023-12-31,60,,USD,26206.0
5,2023-12-31,60,,USD,120608.0
5,2023-12-31,60,,USD,28160.0
5,2023-12-31,60,,USD,14080.0
5,2023-12-31,60,,USD,27280.0
5,2023-12-31,60,,USD,42927.36
5,2023-12-31,60,,USD,17400.0
5,2023-12-27,60,,USD,44928.0
5,2023-12-27,60,,USD,33873.92
5,2023-12-31,60,,USD,152924.0
5,2023-12-31,60,,USD,72072.0
5,2023-12-31,60,,USD,39160.0
5,2023-12-31,60,,USD,41716.64
5,2023-12-31,60,,USD,42728.0
5,2023-12-31,60,,USD,17008.0
5,2023-12-31,60,,USD,77028.64
5,2023-12-31,60,,USD,69840.0
5,2023-12-31,60,,USD,21272.0
5,2023-12-31,60,,USD,39940.0
5,2023-12-31,60,-59.0,USD,63400.0
5,2023-12-31,60,,USD,70144.0
5,2023-12-31,60,,USD,30516.0
5,2023-12-31,60,,USD,31554.0
5,2023-12-31,60,,USD,118486.8
5,2023-12-31,60,,USD,8400.0
5,2023-12-31,60,,USD,100768.0
5,2023-12-31,60,,USD,9440.0
5,2023-12-31,60,,USD,72378.0
5,2023-12-31,60,,USD,1222.0
5,2023-12-31,60,-31.0,USD,42312.0
5,2023-12-31,60,,USD,9486.0
5,2023-12-31,60,,USD,22156.0
5,2023-12-31,60,,USD,5885.0
5,2023-12-31,60,,USD,72929.92
5,2023-12-31,60,,USD,242760.0
5,2023-12-31,60,,USD,12350.4
5,2023-12-31,60,,USD,246688.28
5,2023-12-31,60,,USD,250128.0
5,2023-12-31,60,,USD,271780.0
5,2023-12-31,60,,USD,26785.0
5,2023-12-31,60,,USD,114880.0
5,2023-12-31,60,,USD,748.0
5,2023-12-31,60,,USD,16224.0
5,2023-12-31,60,,USD,6573.6
5,2023-12-31,60,,USD,250461.0
5,2023-12-31,60,-59.0,USD,-63400.0
5,2023-12-31,60,,USD,62600.0
5,2023-12-31,60,,USD,131572.0
5,2023-12-31,60,,USD,139160.0
5,2024-01-23,60,-54.0,USD,-42312.0
5,2024-01-24,60,,USD,37776.0
5,2024-01-31,60,,USD,4072151.0
6,2023-12-31,30,-1.0,USD,35523.54
6,2024-01-18,30,,USD,10155.0
6,2024-01-30,30,,USD,40738.05
6,2024-01-30,30,,USD,600.0
6,2024-01-30,30,,USD,4985.0
7,2023-12-28,30,-16.0,USD,8057.5
7,2023-12-31,30,4.0,USD,14237.5
7,2023-12-31,30,-12.0,USD,437.5
7,2023-12-31,30,13.0,USD,2375.0
7,2024-01-30,30,,USD,250.0
8,2023-10-30,30,-1.0,USD,520949.0
8,2023-10-30,30,-1.0,USD,23100.0
8,2023-10-30,30,-1.0,USD,46500.0
8,2023-10-31,30,-2.0,USD,73916.0
8,2023-10-31,30,-2.0,USD,68629.16
8,2023-10-31,30,-2.0,USD,72763.64
8,2023-10-31,30,-2.0,USD,75299.92
8,2023-10-31,30,-2.0,USD,31000.0
8,2023-11-30,30,2.0,USD,520949.0
8,2023-11-30,30,2.0,USD,23100.0
8,2023-11-30,30,2.0,USD,46500.0
8,2023-11-30,30,2.0,USD,20000.0
8,2023-11-30,30,2.0,USD,63555.36
8,2023-11-30,30,2.0,USD,67386.5
8,2023-11-30,30,2.0,USD,8711.84
8,2023-11-30,30,2.0,USD,61751.72
8,2023-11-30,30,2.0,USD,3756.0
8,2023-11-30,30,2.0,USD,8711.84
8,2023-11-30,30,2.0,USD,4176.8
8,2023-11-30,30,2.0,USD,4176.8
8,2023-11-30,30,2.0,USD,51602.69
8,2023-12-28,30,4.0,USD,520949.0
8,2023-12-28,30,4.0,USD,23100.0
8,2023-12-28,30,4.0,USD,46500.0
8,2023-12-31,30,1.0,USD,20000.0
8,2023-12-31,30,1.0,USD,38972.5
8,2023-12-31,30,1.0,USD,60113.43
8,2023-12-31,30,1.0,USD,59827.0
8,2023-12-31,30,-30.0,USD,76333.33
8,2023-12-31,30,1.0,USD,9547.2
8,2023-12-31,30,1.0,USD,9547.2
8,2023-12-31,30,1.0,USD,9547.2
8,2023-12-31,30,1.0,USD,9547.2
8,2023-12-31,30,1.0,USD,7637.76
8,2023-12-31,30,1.0,USD,60718.16
8,2023-12-31,30,1.0,USD,56942.93
8,2023-12-31,30,1.0,USD,44159.01
8,2023-12-31,30,-30.0,USD,-76333.33
8,2023-12-31,30,1.0,USD,93000.0
8,2024-01-15,30,,USD,463292.7
8,2024-01-31,30,,USD,520949.0
8,2024-01-31,30,,USD,23100.0
8,2024-01-31,30,,USD,43400.0
8,2024-01-31,30,,USD,20000.0
8,2024-01-31,30,,USD,48308.12
8,2024-01-31,30,,USD,52467.08
8,2024-01-31,30,,USD,55888.62
8,2024-01-31,30,,USD,60397.0
8,2024-01-31,30,,USD,7637.76
8,2024-01-31,30,,USD,9547.2
8,2024-01-31,30,,USD,6802.4
8,2024-01-31,30,,USD,9547.2
9,2023-10-31,60,4.0,USD,97152.0
9,2023-11-30,60,2.0,USD,97152.0
9,2023-12-29,60,,USD,92736.0
9,2024-01-31,60,,USD,101568.0
10,2023-10-30,30,-7.0,USD,66000.0
10,2023-10-31,30,-8.0,USD,96746.0
10,2023-10-31,30,-8.0,USD,21800.0
10,2023-10-31,30,-8.0,USD,23976.0
10,2023-10-31,30,-1.0,USD,45540.0
10,2023-10-31,30,-8.0,USD,4872.0
10,2023-10-31,30,-8.0,USD,4560.0
10,2023-10-31,30,-8.0,USD,18416.0
10,2023-10-31,30,-8.0,USD,19008.0
10,2023-10-31,30,-8.0,USD,12658.0
10,2023-10-31,30,-8.0,USD,30991.0
10,2023-10-31,30,-8.0,USD,442000.0
10,2023-10-31,30,-8.0,USD,89192.0
10,2023-10-31,30,-8.0,USD,35952.0
10,2023-11-30,30,-2.0,USD,100690.0
10,2023-11-30,30,-2.0,USD,88934.0
10,2023-11-30,30,-2.0,USD,34209.0
10,2023-11-30,30,-2.0,USD,22632.0
10,2023-11-30,30,-2.0,USD,17280.0
10,2023-11-30,30,-2.0,USD,23976.0
10,2023-11-30,30,-2.0,USD,11936.0
10,2023-11-30,30,-2.0,USD,4408.0
10,2023-11-30,30,-2.0,USD,16376.0
10,2023-11-30,30,4.0,USD,7584.0
10,2023-11-30,30,-2.0,USD,60720.0
10,2023-11-30,30,-2.0,USD,442000.0
10,2023-12-28,30,-3.0,USD,75436.0
10,2023-12-28,30,-3.0,USD,31836.0
10,2023-12-28,30,-3.0,USD,21104.0
10,2023-12-28,30,-3.0,USD,19980.0
10,2023-12-28,30,-3.0,USD,9992.0
10,2023-12-28,30,-3.0,USD,4408.0
10,2023-12-28,30,-3.0,USD,13824.0
10,2023-12-28,30,4.0,USD,15408.0
10,2023-12-28,30,-3.0,USD,17037.0
10,2023-12-28,30,4.0,USD,90176.0
10,2023-12-28,30,-3.0,USD,442000.0
10,2023-12-31,30,-6.0,USD,15180.0
10,2024-01-31,30,,USD,77416.0
10,2024-01-31,30,,USD,18144.0
10,2024-01-31,30,,USD,87216.0
10,2024-01-31,30,,USD,35313.0
10,2024-01-31,30,,USD,14908.0
10,2024-01-31,30,,USD,18480.0
10,2024-01-31,30,,USD,16200.0
10,2024-01-31,30,,USD,16369.0
10,2024-01-31,30,,USD,4752.0
10,2024-01-31,30,,USD,558334.0
10,2024-01-31,30,,USD,5880.0
10,2024-01-31,30,,USD,-558334.0
10,2024-01-31,30,,USD,558334.0
11,2023-10-31,60,6.0,USD,66090.0
11,2023-10-31,60,-4.0,USD,14784.0
11,2023-10-31,60,,USD,17072.0
11,2023-10-31,60,11.0,USD,3848.0
11,2023-10-31,60,11.0,USD,52736.0
11,2023-10-31,60,,USD,8160.0
11,2023-10-31,60,,USD,11792.0
11,2023-10-31,60,,USD,16800.0
11,2023-10-31,60,,USD,12320.0
11,2023-10-31,60,-33.0,USD,56470.0
11,2023-11-21,60,-54.0,USD,-56470.0
11,2023-11-24,60,-5.0,USD,55014.0
11,2023-11-30,60,-3.0,USD,15488.0
11,2023-11-30,60,-3.0,USD,66090.0
11,2023-11-30,60,-3.0,USD,4160.0
11,2023-11-30,60,,USD,11760.0
11,2023-11-30,60,-3.0,USD,40640.0
11,2023-11-30,60,,USD,16000.0
11,2023-11-30,60,,USD,9600.0
11,2023-11-30,60,,USD,10720.0
11,2023-11-30,60,,USD,13968.0
11,2023-11-30,60,-3.0,USD,46968.0
11,2023-12-31,60,,USD,14688.0
11,2023-12-31,60,,USD,39344.0
11,2023-12-31,60,,USD,5016.0
11,2023-12-31,60,,USD,8192.0
11,2023-12-31,60,,USD,15520.0
11,2023-12-31,60,,USD,9600.0
11,2023-12-31,60,,USD,12800.0
11,2023-12-31,60,,USD,8960.0
11,2023-12-31,60,,USD,3536.0
11,2023-12-31,60,,USD,30576.0
11,2023-12-31,60,,USD,66090.0
11,2023-12-31,60,,USD,10720.0
11,2024-01-31,60,,USD,66090.0
11,2024-01-31,60,,USD,15488.0
12,2023-10-31,45,26.0,USD,23761.6
12,2023-10-31,45,-3.0,USD,19552.0
12,2023-10-31,45,24.0,USD,5239.52
12,2023-10-31,45,24.0,USD,5544.0
12,2023-10-31,45,-3.0,USD,274828.72
12,2023-10-31,45,-3.0,USD,34298.72
12,2023-10-31,45,-3.0,USD,26121.28
12,2023-10-31,45,-3.0,USD,19982.24
12,2023-10-31,45,-3.0,USD,21638.02
12,2023-10-31,45,-3.0,USD,80814.08
12,2023-10-31,45,-3.0,USD,31994.88
12,2023-10-31,45,-39.0,USD,71316.16
12,2023-10-31,45,24.0,USD,96118.52
12,2023-10-31,45,-3.0,USD,17885.7
12,2023-10-31,45,-3.0,USD,50100.0
12,2023-10-31,45,-3.0,USD,17885.7
12,2023-10-31,45,-3.0,USD,11088.0
12,2023-10-31,45,24.0,USD,20640.0
12,2023-10-31,45,35.0,USD,48840.24
12,2023-10-31,45,-3.0,USD,6144.6
12,2023-10-31,45,56.0,USD,6160.0
12,2023-10-31,45,56.0,USD,6160.0
12,2023-10-31,45,56.0,USD,35978.0
12,2023-10-31,45,50.0,USD,4662.0
12,2023-10-31,45,56.0,USD,49467.0
12,2023-10-31,45,56.0,USD,46567.0
12,2023-10-31,45,56.0,USD,6160.0
12,2023-10-31,45,56.0,USD,22564.0
12,2023-10-31,45,56.0,USD,81130.0
12,2023-10-31,45,56.0,USD,7231.0
12,2023-10-31,45,56.0,USD,17624.0
12,2023-10-31,45,24.0,USD,4930.0
12,2023-10-31,45,56.0,USD,81185.0
12,2023-10-31,45,56.0,USD,31705.0
12,2023-10-31,45,56.0,USD,25881.0
12,2023-11-30,45,-6.0,USD,91081.12
12,2023-11-30,45,-6.0,USD,31362.6
12,2023-11-30,45,-6.0,USD,11138.4
12,2023-11-30,45,-4.0,USD,23761.6
12,2023-11-30,45,-6.0,USD,6144.6
12,2023-11-30,45,-6.0,USD,51546.88
12,2023-11-30,45,-6.0,USD,49374.4
12,2023-11-30,45,-6.0,USD,5544.0
12,2023-11-30,45,-6.0,USD,412135.36
12,2023-11-30,45,-6.0,USD,34298.72
12,2023-11-30,45,-6.0,USD,26121.28
12,2023-11-30,45,-6.0,USD,80814.08
12,2023-11-30,45,26.0,USD,46292.0
12,2023-11-30,45,26.0,USD,13321.0
12,2023-11-30,45,26.0,USD,19531.0
12,2023-11-30,45,26.0,USD,6160.0
12,2023-12-31,45,-5.0,USD,6468.0
12,2023-12-31,45,-5.0,USD,23761.6
12,2023-12-31,45,-5.0,USD,51546.88
12,2023-12-31,45,-5.0,USD,20640.0
12,2023-12-31,45,-5.0,USD,21588.0
12,2023-12-31,45,-5.0,USD,8316.0
12,2023-12-31,45,-5.0,USD,398748.98
12,2023-12-31,45,-5.0,USD,34298.72
12,2023-12-31,45,-5.0,USD,23934.08
12,2023-12-31,45,-5.0,USD,80814.08
12,2023-12-31,45,,USD,7421.48
12,2023-12-31,45,-5.0,USD,31362.6
12,2023-12-31,45,-5.0,USD,9744.0
12,2023-12-31,45,-5.0,USD,4928.0
12,2023-12-31,45,-5.0,USD,4866.0
12,2023-12-31,45,-5.0,USD,64244.0
12,2024-01-31,45,,USD,66964.4
12,2024-01-31,45,,USD,8854.8
12,2024-01-31,45,,USD,80814.08
13,2023-10-31,30,-9.0,USD,71104.0
13,2023-10-31,30,-9.0,USD,109872.0
13,2023-10-31,30,34.0,USD,22176.0
13,2023-11-30,30,2.0,USD,19152.0
13,2023-11-30,30,-8.0,USD,95760.0
13,2023-11-30,30,-8.0,USD,61408.0
13,2023-12-31,30,-1.0,USD,59600.0
13,2023-12-31,30,-1.0,USD,100422.0
13,2023-12-31,30,-8.0,USD,16506.0
13,2024-01-31,30,,USD,66656.0
13,2024-01-31,30,,USD,102816.0
13,2024-01-31,30,,USD,19152.0
13,2024-01-31,30,,USD,5040.0
14,2023-10-17,30,-30.0,USD,64772.5
14,2023-10-18,30,-29.0,USD,34877.0
14,2023-10-25,30,-30.0,USD,87692.0
14,2023-10-30,30,-29.0,USD,8075.89
14,2023-10-30,30,-29.0,USD,498.24
14,2023-10-31,30,,USD,13760.0
14,2023-10-31,30,56.0,USD,26407.25
14,2023-10-31,30,56.0,USD,24553.76
14,2023-10-31,30,-6.0,USD,181934.78
14,2023-10-31,30,-6.0,USD,188517.5
14,2023-10-31,30,-6.0,USD,189718.23
14,2023-10-31,30,-6.0,USD,171359.65
14,2023-10-31,30,56.0,USD,10961.28
14,2023-10-31,30,-6.0,USD,14947.5
14,2023-10-31,30,-6.0,USD,14948.0
14,2023-10-31,30,-6.0,USD,19930.0
14,2023-10-31,30,,USD,94.17
14,2023-11-21,30,-27.0,USD,43846.0
14,2023-11-22,30,-28.0,USD,97158.75
14,2023-11-22,30,-28.0,USD,35874.0
14,2023-11-24,30,32.0,USD,10523.04
14,2023-11-30,30,,USD,13760.0
14,2023-11-30,30,26.0,USD,28898.5
14,2023-11-30,30,26.0,USD,192086.63
14,2023-11-30,30,26.0,USD,144304.04
14,2023-11-30,30,26.0,USD,175467.01
14,2023-11-30,30,26.0,USD,46835.5
14,2023-11-30,30,26.0,USD,189916.58
14,2023-11-30,30,,USD,7473.6
14,2023-11-30,30,,USD,75.0
14,2023-12-13,30,,USD,350.0
14,2023-12-13,30,,USD,150.0
14,2023-12-13,30,13.0,USD,226703.75
14,2023-12-18,30,,USD,125227.0
14,2023-12-21,30,,USD,75.0
14,2023-12-21,30,5.0,USD,46835.5
14,2023-12-21,30,,USD,23417.75
14,2023-12-31,30,,USD,13760.0
14,2023-12-31,30,-5.0,USD,192543.81
14,2023-12-31,30,-5.0,USD,188031.43
14,2023-12-31,30,-5.0,USD,172167.07
14,2023-12-31,30,-5.0,USD,113659.2
14,2023-12-31,30,-5.0,USD,71612.0
14,2023-12-31,30,,USD,9964.8
14,2023-12-31,30,-5.0,USD,178892.71
14,2024-01-31,30,,USD,50024.3
14,2024-01-31,30,,USD,153931.52
14,2024-01-31,30,,USD,188771.63
14,2024-01-31,30,,USD,160616.38
14,2024-01-31,30,,USD,175822.59
14,2024-01-31,30,,USD,13760.0
14,2024-01-31,30,,USD,10836.72
15,2023-10-31,30,7.0,USD,9499.0
15,2023-10-31,30,7.0,USD,5560.47
15,2023-11-30,30,-16.0,USD,5585.7
15,2023-11-30,30,-16.0,USD,4749.5
15,2023-12-15,30,8.0,USD,2750.5
15,2023-12-31,30,,USD,3216.29
16,2023-10-31,30,7.0,USD,670986.97
16,2023-10-31,30,36.0,USD,20900.0
16,2023-10-31,30,-1.0,USD,18433.8
16,2023-11-30,30,-3.0,USD,17556.0
16,2023-11-30,30,12.0,USD,19855.0
16,2023-11-30,30,-3.0,USD,619113.6
16,2023-12-31,30,-1.0,USD,600689.41
16,2023-12-31,30,,USD,17556.0
16,2023-12-31,30,,USD,20900.0
16,2024-01-31,30,,USD,662633.88
16,2024-01-31,30,,USD,21945.0
16,2024-01-31,30,,USD,18433.8
17,2023-10-31,60,17.0,USD,25400.0
17,2023-10-31,60,19.0,USD,17640.0
17,2023-10-31,60,17.0,USD,5015.0
17,2023-10-31,60,17.0,USD,37930.0
17,2023-10-31,60,25.0,USD,4845.0
17,2023-10-31,60,17.0,USD,10230.0
17,2023-10-31,60,17.0,USD,15432.5
17,2023-10-31,60,20.0,USD,1272.0
17,2023-10-31,60,20.0,USD,212.0
17,2023-11-30,60,,USD,23306.0
17,2023-11-30,60,15.0,USD,18300.0
17,2023-11-30,60,15.0,USD,11840.0
17,2023-11-30,60,15.0,USD,6195.0
17,2023-11-30,60,15.0,USD,36796.0
17,2023-11-30,60,17.0,USD,15960.0
17,2023-12-26,60,,USD,23194.0
17,2023-12-28,60,,USD,18514.5
17,2023-12-28,60,,USD,12377.5
17,2023-12-31,60,,USD,35480.0
17,2023-12-31,60,,USD,4720.0
17,2023-12-31,60,,USD,13440.0
17,2024-01-31,60,,USD,37592.0
17,2024-01-31,60,,USD,6195.0
17,2024-01-31,60,,USD,15960.0
18,2023-10-31,45,-15.0,USD,38569.0
18,2023-10-31,45,-15.0,USD,4928.0
18,2023-10-31,45,-15.0,USD,7120.0
18,2023-11-30,45,-9.0,USD,4704.0
18,2023-11-30,45,-9.0,USD,39100.0
18,2023-12-31,45,-5.0,USD,35634.0
18,2023-12-31,45,-5.0,USD,3808.0
19,2023-10-31,15,15.0,USD,75311.54
19,2023-11-30,15,-2.0,USD,58083.54
19,2023-12-31,15,10.0,USD,54618.84
19,2024-01-31,15,,USD,80246.74
20,2023-10-31,30,7.0,USD,25076.5
20,2023-10-31,30,7.0,USD,7756.8
20,2023-10-31,30,7.0,USD,16720.0
20,2023-10-31,30,7.0,USD,16973.46
20,2023-10-31,30,7.0,USD,7680.0
20,2023-10-31,30,7.0,USD,13680.0
20,2023-10-31,30,,USD,15867.5
20,2023-10-31,30,7.0,USD,4914.0
20,2023-10-31,30,7.0,USD,14080.0
20,2023-10-31,30,7.0,USD,16845.84
20,2023-10-31,30,7.0,USD,13760.0
20,2023-10-31,30,7.0,USD,12800.0
20,2023-10-31,30,7.0,USD,14080.0
20,2023-10-31,30,7.0,USD,14960.0
20,2023-10-31,30,7.0,USD,16720.0
20,2023-10-31,30,-21.0,USD,16720.0
20,2023-10-31,30,7.0,USD,9880.0
20,2023-10-31,30,7.0,USD,5040.0
20,2023-10-31,30,7.0,USD,10374.0
20,2023-10-31,30,7.0,USD,10395.0
20,2023-10-31,30,,USD,21681.0
20,2023-10-31,30,7.0,USD,25596.0
20,2023-10-31,30,7.0,USD,16042.5
20,2023-10-31,30,7.0,USD,5400.0
20,2023-10-31,30,7.0,USD,5940.0
20,2023-10-31,30,-22.0,USD,5985.0
20,2023-10-31,30,,USD,5985.0
20,2023-10-31,30,7.0,USD,39690.0
20,2023-10-31,30,-22.0,USD,2646.0
20,2023-10-31,30,-22.0,USD,2646.0
20,2023-10-31,30,-22.0,USD,2086.0
20,2023-10-31,30,-22.0,USD,2394.0
20,2023-10-31,30,18.0,USD,2112.0
20,2023-10-31,30,18.0,USD,15360.0
20,2023-10-31,30,5.0,USD,2112.0
20,2023-10-31,30,18.0,USD,2112.0
20,2023-10-31,30,18.0,USD,2112.0
20,2023-10-31,30,18.0,USD,2112.0
20,2023-11-16,30,22.0,USD,6534.0
20,2023-11-30,30,8.0,USD,13680.0
20,2023-11-30,30,8.0,USD,15761.07
20,2023-11-30,30,8.0,USD,14440.0
20,2023-11-30,30,8.0,USD,12800.0
20,2023-11-30,30,8.0,USD,15697.26
20,2023-11-30,30,8.0,USD,13120.0
20,2023-11-30,30,,USD,15455.0
20,2023-11-30,30,10.0,USD,4680.0
20,2023-11-30,30,10.0,USD,5544.0
20,2023-11-30,30,10.0,USD,7878.0
20,2023-11-30,30,10.0,USD,10340.0
20,2023-11-30,30,10.0,USD,21411.0
20,2023-11-30,30,10.0,USD,24102.5
20,2023-11-30,30,10.0,USD,15682.5
20,2023-11-30,30,10.0,USD,5670.0
20,2023-11-30,30,10.0,USD,6000.0
20,2023-11-30,30,-18.0,USD,11840.0
20,2023-11-30,30,10.0,USD,2016.0
20,2023-11-30,30,10.0,USD,2016.0
20,2023-11-30,30,10.0,USD,9775.0
20,2023-11-30,30,10.0,USD,3655.0
20,2023-11-30,30,10.0,USD,14250.0
20,2023-11-30,30,10.0,USD,13760.0
20,2023-11-30,30,-18.0,USD,16340.0
20,2023-11-30,30,-15.0,USD,15200.0
20,2023-11-30,30,,USD,25886.9
20,2023-11-30,30,10.0,USD,15580.0
20,2023-11-30,30,-18.0,USD,5985.0
20,2023-11-30,30,,USD,5985.0
20,2023-11-30,30,-18.0,USD,2394.0
20,2023-11-30,30,-18.0,USD,2772.0
20,2023-11-30,30,-18.0,USD,2394.0
20,2023-11-30,30,-18.0,USD,2394.0
20,2023-11-30,30,10.0,USD,37314.0
20,2023-11-30,30,10.0,USD,2016.0
20,2023-11-30,30,10.0,USD,2016.0
20,2023-12-14,30,24.0,USD,5643.0
20,2023-12-31,30,7.0,USD,1920.0
20,2023-12-31,30,7.0,USD,12920.0
20,2023-12-31,30,7.0,USD,15200.0
20,2023-12-31,30,7.0,USD,12160.0
20,2023-12-31,30,7.0,USD,15314.4
20,2023-12-31,30,7.0,USD,12800.0
20,2023-12-31,30,7.0,USD,2112.0
20,2023-12-31,30,-30.0,USD,17517.5
20,2023-12-31,30,-30.0,USD,-17517.5
20,2023-12-31,30,-20.0,USD,2016.0
20,2023-12-31,30,7.0,USD,1968.0
20,2023-12-31,30,7.0,USD,1920.0
20,2023-12-31,30,7.0,USD,1920.0
20,2023-12-31,30,7.0,USD,1920.0
20,2023-12-31,30,7.0,USD,1920.0
20,2023-12-31,30,7.0,USD,1920.0
20,2023-12-31,30,-20.0,USD,1920.0
20,2023-12-31,30,,USD,26515.0
20,2023-12-31,30,7.0,USD,16165.2
20,2023-12-31,30,7.0,USD,4680.0
20,2023-12-31,30,7.0,USD,5040.0
20,2023-12-31,30,7.0,USD,8892.0
20,2023-12-31,30,7.0,USD,10010.0
20,2023-12-31,30,7.0,USD,20929.5
20,2023-12-31,30,7.0,USD,13600.0
20,2023-12-31,30,7.0,USD,510.0
20,2023-12-31,30,7.0,USD,13870.0
20,2023-12-31,30,-21.0,USD,12920.0
20,2023-12-31,30,-20.0,USD,15960.0
20,2023-12-31,30,7.0,USD,15200.0
20,2023-12-31,30,-21.0,USD,11840.0
20,2023-12-31,30,7.0,USD,26532.0
20,2023-12-31,30,7.0,USD,13627.5
20,2023-12-31,30,7.0,USD,5400.0
20,2023-12-31,30,7.0,USD,6000.0
20,2023-12-31,30,7.0,USD,5940.0
20,2023-12-31,30,-21.0,USD,6300.0
20,2023-12-31,30,,USD,3150.0
20,2023-12-31,30,7.0,USD,39690.0
20,2023-12-31,30,-21.0,USD,2394.0
20,2023-12-31,30,-21.0,USD,2646.0
20,2023-12-31,30,-21.0,USD,2268.0
20,2023-12-31,30,-21.0,USD,2268.0
20,2023-12-31,30,7.0,USD,12800.0
20,2024-01-31,30,-18.0,USD,4158.0
20,2024-01-31,30,-18.0,USD,7128.0
20,2024-01-31,30,-18.0,USD,5940.0
20,2024-01-31,30,,USD,16973.46
20,2024-01-31,30,,USD,15960.0
20,2024-01-31,30,,USD,13440.0
20,2024-01-31,30,,USD,16080.12
20,2024-01-31,30,,USD,11520.0
20,2024-01-31,30,-18.0,USD,12800.0
20,2024-01-31,30,,USD,15960.0
20,2024-01-31,30,-18.0,USD,9880.0
20,2024-01-31,30,-18.0,USD,15960.0
20,2024-01-31,30,,USD,17480.0
20,2024-01-31,30,,USD,3744.0
20,2024-01-31,30,,USD,5292.0
20,2024-01-31,30,,USD,8892.0
20,2024-01-31,30,,USD,10642.5
20,2024-01-31,30,,USD,22432.5
20,2024-01-31,30,,USD,28221.25
20,2024-01-31,30,-18.0,USD,5985.0
20,2024-01-31,30,,USD,13365.0
20,2024-01-31,30,,USD,5400.0
20,2024-01-31,30,,USD,6270.0
20,2024-01-31,30,-18.0,USD,6237.0
20,2024-01-31,30,-18.0,USD,2646.0
20,2024-01-31,30,,USD,6300.0
20,2024-01-31,30,-18.0,USD,2646.0
20,2024-01-31,30,-18.0,USD,2646.0
20,2024-01-31,30,,USD,39690.0
20,2024-01-31,30,-18.0,USD,2646.0
20,2024-01-31,30,,USD,2016.0
20,2024-01-31,30,,USD,2016.0
20,2024-01-31,30,,USD,2016.0
20,2024-01-31,30,,USD,2016.0
20,2024-01-31,30,,USD,2016.0
20,2024-01-31,30,,USD,13120.0
20,2024-01-31,30,,USD,2016.0
20,2024-01-31,30,,USD,27520.8
20,2024-01-31,30,,USD,1257.5
21,2023-10-31,45,12.0,USD,27940.0
21,2023-10-31,45,24.0,USD,159700.0
21,2023-10-31,45,12.0,USD,19360.0
21,2023-10-31,45,12.0,USD,40480.0
21,2023-10-31,45,12.0,USD,18400.0
21,2023-10-31,45,12.0,USD,99440.0
21,2023-10-31,45,12.0,USD,26048.0
21,2023-11-30,45,18.0,USD,55200.0
21,2023-11-30,45,20.0,USD,145036.0
21,2023-11-30,45,25.0,USD,32498.4
21,2023-11-30,45,18.0,USD,26384.0
21,2023-11-30,45,18.0,USD,105240.0
21,2023-12-31,45,,USD,145298.0
21,2023-12-31,45,,USD,86080.0
21,2023-12-31,45,,USD,48760.0
21,2023-12-31,45,,USD,28221.6
21,2023-12-31,45,,USD,25712.0
21,2024-01-31,45,,USD,19360.0
21,2024-01-31,45,,USD,79200.0
21,2024-01-31,45,,USD,161840.0
21,2024-01-31,45,,USD,31759.2
21,2024-01-31,45,,USD,58880.0
21,2024-01-31,45,,USD,28384.0
22,2023-10-31,30,-16.0,USD,42000.0
22,2023-11-30,30,-19.0,USD,42000.0
22,2023-12-31,30,,USD,42000.0
22,2024-01-31,30,,USD,43470.0
23,2023-10-31,30,-13.0,USD,40883.76
23,2023-11-30,30,13.0,USD,40883.76
23,2023-12-31,30,-11.0,USD,40883.76
24,2023-10-31,45,,USD,49209.6
24,2023-10-31,45,,USD,24780.8
24,2023-11-30,45,,USD,46124.8
24,2023-11-30,45,,USD,27878.4
24,2023-12-31,45,,USD,25344.0
24,2023-12-31,45,,USD,42828.0
24,2024-01-31,45,,USD,26611.2
24,2024-01-31,45,,USD,44740.0
25,2023-10-31,30,14.0,USD,2000.0
25,2023-11-30,30,-19.0,USD,2000.0
25,2023-12-31,30,4.0,USD,2000.0
25,2024-01-31,30,,USD,2000.0
26,2023-10-31,40,31.0,USD,1358.0
26,2023-10-31,40,31.0,USD,543.2
26,2023-10-31,40,31.0,USD,1358.0
26,2023-10-31,40,31.0,USD,1358.0
26,2023-10-31,40,31.0,USD,1358.0
26,2023-10-31,40,31.0,USD,1562.4
26,2023-10-31,40,31.0,USD,1562.4
26,2023-10-31,40,31.0,USD,2910.0
26,2023-10-31,40,31.0,USD,2910.0
26,2023-10-31,40,31.0,USD,2910.0
26,2023-10-31,40,31.0,USD,1164.0
26,2023-10-31,40,31.0,USD,2910.0
26,2023-10-31,40,31.0,USD,1243.2
26,2023-10-31,40,31.0,USD,1243.2
26,2023-10-31,40,31.0,USD,1243.2
26,2023-10-31,40,31.0,USD,1243.2
26,2023-10-31,40,31.0,USD,497.28
26,2023-10-31,40,31.0,USD,2762.56
26,2023-10-31,40,31.0,USD,3453.2
26,2023-10-31,40,31.0,USD,3453.2
26,2023-10-31,40,31.0,USD,3453.2
26,2023-10-31,40,31.0,USD,1381.28
26,2023-10-31,40,31.0,USD,2328.0
26,2023-10-31,40,31.0,USD,5820.0
26,2023-10-31,40,31.0,USD,5820.0
26,2023-10-31,40,31.0,USD,5820.0
26,2023-10-31,40,31.0,USD,4656.0
26,2023-10-31,40,31.0,USD,3686.0
26,2023-10-31,40,31.0,USD,3040.95
26,2023-10-31,40,31.0,USD,3686.0
26,2023-10-31,40,31.0,USD,3686.0
26,2023-10-31,40,31.0,USD,1474.4
26,2023-10-31,40,47.0,USD,49178.9
26,2023-11-30,40,32.0,USD,2328.0
26,2023-11-30,40,17.0,USD,2910.0
26,2023-11-30,40,1.0,USD,2910.0
26,2023-11-30,40,1.0,USD,1746.0
26,2023-11-30,40,17.0,USD,745.92
26,2023-11-30,40,17.0,USD,1243.2
26,2023-11-30,40,1.0,USD,1243.2
26,2023-11-30,40,1.0,USD,745.92
26,2023-11-30,40,17.0,USD,1243.2
26,2023-11-30,40,32.0,USD,4656.0
26,2023-11-30,40,17.0,USD,4656.0
26,2023-11-30,40,17.0,USD,5820.0
26,2023-11-30,40,1.0,USD,5820.0
26,2023-11-30,40,1.0,USD,3492.0
26,2023-11-30,40,32.0,USD,2211.6
26,2023-11-30,40,17.0,USD,2211.6
26,2023-11-30,40,1.0,USD,1474.4
26,2023-11-30,40,17.0,USD,3686.0
26,2023-11-30,40,1.0,USD,3686.0
26,2023-11-30,40,17.0,USD,2910.0
26,2023-11-30,40,1.0,USD,2071.92
26,2023-11-30,40,1.0,USD,3453.2
26,2023-11-30,40,32.0,USD,2762.56
26,2023-11-30,40,17.0,USD,3453.2
26,2023-11-30,40,17.0,USD,2762.56
26,2023-11-30,40,17.0,USD,37443.9
26,2023-11-30,40,1.0,USD,1358.0
26,2023-11-30,40,1.0,USD,814.8
26,2023-11-30,40,23.0,USD,96000.0
26,2023-12-31,40,,USD,2910.0
26,2023-12-31,40,1.0,USD,2910.0
26,2023-12-31,40,1.0,USD,582.0
26,2023-12-31,40,,USD,2910.0
26,2023-12-31,40,,USD,2910.0
26,2023-12-31,40,,USD,1243.2
26,2023-12-31,40,,USD,994.56
26,2023-12-31,40,-14.0,USD,1358.0
26,2023-12-31,40,1.0,USD,1188.26
26,2023-12-31,40,1.0,USD,271.6
26,2023-12-31,40,1.0,USD,1358.0
26,2023-12-31,40,,USD,1612.65
26,2023-12-31,40,,USD,1290.1
26,2023-12-31,40,,USD,1358.0
26,2023-12-31,40,-14.0,USD,1612.65
26,2023-12-31,40,1.0,USD,3686.0
26,2023-12-31,40,,USD,3686.0
26,2023-12-31,40,,USD,3686.0
26,2023-12-31,40,,USD,2948.8
26,2023-12-31,40,1.0,USD,737.2
26,2023-12-31,40,1.0,USD,1164.0
26,2023-12-31,40,1.0,USD,2328.0
26,2023-12-31,40,,USD,5820.0
26,2023-12-31,40,,USD,5820.0
26,2023-12-31,40,,USD,66623.9
26,2023-12-31,40,1.0,USD,690.64
26,2023-12-31,40,,USD,3453.2
26,2023-12-31,40,,USD,3453.2
26,2023-12-31,40,,USD,3453.2
26,2023-12-31,40,,USD,2762.56
26,2024-01-19,40,-18.0,USD,737.2
26,2024-01-19,40,,USD,737.2
26,2024-01-31,40,,USD,2211.6
26,2024-01-31,40,,USD,3686.0
26,2024-01-31,40,,USD,2948.8
26,2024-01-31,40,,USD,2948.8
26,2024-01-31,40,,USD,3686.0
26,2024-01-31,40,,USD,4656.0
26,2024-01-31,40,,USD,4656.0
26,2024-01-31,40,,USD,5820.0
26,2024-01-31,40,,USD,5820.0
26,2024-01-31,40,,USD,2071.92
26,2024-01-31,40,,USD,3492.0
26,2024-01-31,40,,USD,3453.2
26,2024-01-31,40,,USD,3453.2
26,2024-01-31,40,,USD,3453.2
26,2024-01-31,40,,USD,48883.9
26,2024-01-31,40,,USD,2762.56
26,2024-01-31,40,,USD,1243.2
26,2024-01-31,40,,USD,1243.2
26,2024-01-31,40,,USD,1243.2
26,2024-01-31,40,,USD,1149.96
26,2024-01-31,40,,USD,745.92
26,2024-01-31,40,,USD,2910.0
26,2024-01-31,40,,USD,2910.0
26,2024-01-31,40,,USD,2910.0
26,2024-01-31,40,,USD,2910.0
26,2024-01-31,40,,USD,1746.0
26,2024-01-31,40,,USD,1290.1
26,2024-01-31,40,,USD,1663.58
26,2024-01-31,40,,USD,984.55
26,2024-01-31,40,,USD,1290.1
26,2024-01-31,40,,USD,950.6
27,2023-12-20,30,,USD,8750.0
28,2023-10-31,45,-23.0,USD,4800.0
28,2023-10-31,45,-23.0,USD,4800.0
28,2023-10-31,45,-23.0,USD,4800.0
28,2023-10-31,45,-23.0,USD,4800.0
28,2023-10-31,45,-23.0,USD,4800.0
28,2023-10-31,45,-23.0,USD,4800.0
28,2023-10-31,45,-23.0,USD,1280.0
28,2023-10-31,45,-23.0,USD,1024.0
28,2023-10-31,45,-23.0,USD,1280.0
28,2023-10-31,45,-23.0,USD,1024.0
28,2023-10-31,45,-23.0,USD,1280.0
28,2023-10-31,45,-23.0,USD,4284.0
28,2023-10-31,45,-23.0,USD,4284.0
28,2023-10-31,45,0.0,USD,4284.0
28,2023-10-31,45,-23.0,USD,856.8
28,2023-10-31,45,0.0,USD,4284.0
28,2023-10-31,45,0.0,USD,4284.0
28,2023-10-31,45,-23.0,USD,1054.72
28,2023-10-31,45,-23.0,USD,1318.4
28,2023-10-31,45,-23.0,USD,5100.0
28,2023-10-31,45,-23.0,USD,5100.0
28,2023-10-31,45,0.0,USD,4284.0
28,2023-10-31,45,0.0,USD,4284.0
28,2023-10-31,45,-23.0,USD,3600.0
28,2023-10-31,45,-23.0,USD,3600.0
28,2023-10-31,45,-23.0,USD,3600.0
28,2023-10-31,45,-23.0,USD,593.28
28,2023-10-31,45,-23.0,USD,791.04
28,2023-10-31,45,-23.0,USD,988.8
28,2023-10-31,45,-23.0,USD,988.8
28,2023-10-31,45,-23.0,USD,1112.4
28,2023-10-31,45,-23.0,USD,1112.4
28,2023-10-31,45,-23.0,USD,1112.4
28,2023-10-31,45,-23.0,USD,519.12
28,2023-10-31,45,-23.0,USD,865.2
28,2023-10-31,45,-23.0,USD,865.2
28,2023-10-31,45,-23.0,USD,791.04
28,2023-10-31,45,-23.0,USD,988.8
28,2023-10-31,45,-23.0,USD,750.72
28,2023-10-31,45,-23.0,USD,3753.6
28,2023-10-31,45,-23.0,USD,3753.6
28,2023-10-31,45,0.0,USD,3753.6
28,2023-10-31,45,0.0,USD,692.16
28,2023-10-31,45,0.0,USD,12480.0
28,2023-10-31,45,0.0,USD,25408.0
28,2023-10-31,45,0.0,USD,13872.0
28,2023-10-31,45,45.0,USD,15014.4
28,2023-10-31,45,0.0,USD,30033.6
28,2023-10-31,45,0.0,USD,32659.2
28,2023-10-31,45,0.0,USD,17136.0
28,2023-10-31,45,0.0,USD,3955.2
28,2023-10-31,45,-23.0,USD,170454.0
28,2023-10-31,45,40.0,USD,58947.2
28,2023-10-31,45,40.0,USD,3460.8
28,2023-10-31,45,40.0,USD,73920.0
28,2023-10-31,45,0.0,USD,71532.8
28,2023-10-31,45,0.0,USD,116897.6
28,2023-10-31,45,0.0,USD,230364.15
28,2023-10-31,45,0.0,USD,3235.85
28,2023-10-31,45,0.0,USD,119211.07
28,2023-10-31,45,0.0,USD,11609.6
28,2023-10-31,45,45.0,USD,2252.16
28,2023-10-31,45,0.0,USD,922.88
28,2023-10-31,45,0.0,USD,1153.6
28,2023-10-31,45,0.0,USD,1153.6
28,2023-10-31,45,0.0,USD,23401.6
28,2023-10-31,45,45.0,USD,67946.67
28,2023-10-31,45,40.0,USD,52933.12
28,2023-10-31,45,40.0,USD,102680.31
28,2023-10-31,45,0.0,USD,33902.71
28,2023-10-31,45,40.0,USD,66019.88
28,2023-10-31,45,40.0,USD,30524.34
28,2023-10-31,45,0.0,USD,33327.64
28,2023-10-31,45,47.0,USD,34451.28
28,2023-10-31,45,40.0,USD,143629.44
28,2023-10-31,45,47.0,USD,27294.54
28,2023-10-31,45,40.0,USD,26134.1
28,2023-10-31,45,40.0,USD,17269.78
28,2023-10-31,45,40.0,USD,13874.78
28,2023-10-31,45,40.0,USD,4241.7
28,2023-10-31,45,0.0,USD,99591.88
28,2023-10-31,45,0.0,USD,82065.96
28,2023-10-31,45,0.0,USD,791.04
28,2023-10-31,45,0.0,USD,4800.0
28,2023-10-31,45,0.0,USD,988.8
28,2023-10-31,45,0.0,USD,988.8
28,2023-10-31,45,0.0,USD,791.04
28,2023-10-31,45,0.0,USD,889.92
28,2023-10-31,45,0.0,USD,3753.6
28,2023-10-31,45,0.0,USD,3753.6
28,2023-10-31,45,0.0,USD,3753.6
28,2023-10-31,45,0.0,USD,3753.6
28,2023-10-31,45,-23.0,USD,9000.0
28,2023-10-31,45,0.0,USD,7875.0
28,2023-10-31,45,40.0,USD,47797.14
28,2023-10-31,45,0.0,USD,14688.0
28,2023-10-31,45,0.0,USD,5800.96
28,2023-10-31,45,40.0,USD,19749.56
28,2023-10-31,45,0.0,USD,9228.8
28,2023-10-31,45,0.0,USD,5273.6
28,2023-10-31,45,40.0,USD,43261.64
28,2023-10-31,45,40.0,USD,21196.51
28,2023-10-31,45,0.0,USD,9000.0
28,2023-10-31,45,0.0,USD,9000.0
28,2023-10-31,45,0.0,USD,9000.0
28,2023-10-31,45,0.0,USD,9000.0
28,2023-10-31,45,0.0,USD,144791.2
28,2023-10-31,45,47.0,USD,16300.0
28,2023-10-31,45,45.0,USD,4536.0
28,2023-10-31,45,47.0,USD,64931.5
28,2023-10-31,45,0.0,USD,3060.0
28,2023-10-31,45,0.0,USD,4080.0
28,2023-10-31,45,40.0,USD,51715.13
28,2023-10-31,45,47.0,USD,95725.52
28,2023-11-16,45,29.0,USD,95584.0
28,2023-11-21,45,24.0,USD,2304.78
28,2023-11-21,45,24.0,USD,2877.75
28,2023-11-22,45,23.0,USD,2353.34
28,2023-11-28,45,-28.0,USD,1318.4
28,2023-11-28,45,-28.0,USD,922.88
28,2023-11-28,45,-28.0,USD,3600.0
28,2023-11-28,45,-28.0,USD,4284.0
28,2023-11-28,45,-28.0,USD,1318.4
28,2023-11-28,45,-28.0,USD,3600.0
28,2023-11-28,45,-28.0,USD,1112.4
28,2023-11-28,45,-28.0,USD,9000.0
28,2023-11-28,45,-28.0,USD,1280.0
28,2023-11-28,45,-28.0,USD,1280.0
28,2023-11-28,45,-28.0,USD,1280.0
28,2023-11-28,45,-28.0,USD,1280.0
28,2023-11-28,45,-28.0,USD,512.0
28,2023-11-28,45,-28.0,USD,1280.0
28,2023-11-28,45,-28.0,USD,1280.0
28,2023-11-28,45,-28.0,USD,1280.0
28,2023-11-28,45,-28.0,USD,1280.0
28,2023-11-28,45,-28.0,USD,512.0
28,2023-11-28,45,-28.0,USD,593.28
28,2023-11-28,45,-28.0,USD,593.28
28,2023-11-28,45,-28.0,USD,1153.6
28,2023-11-28,45,-28.0,USD,1501.44
28,2023-11-28,45,-28.0,USD,4284.0
28,2023-11-28,45,12.0,USD,5100.0
28,2023-11-28,45,12.0,USD,5100.0
28,2023-11-28,45,12.0,USD,1186.56
28,2023-11-28,45,12.0,USD,9000.0
28,2023-11-28,45,-28.0,USD,3753.6
28,2023-11-28,45,-28.0,USD,4284.0
28,2023-11-29,45,-29.0,USD,4800.0
28,2023-11-29,45,11.0,USD,4800.0
28,2023-11-28,45,-28.0,USD,1112.4
28,2023-11-28,45,12.0,USD,889.92
28,2023-11-29,45,-29.0,USD,2880.0
28,2023-11-29,45,-29.0,USD,692.16
28,2023-11-29,45,11.0,USD,519.12
28,2023-11-29,45,11.0,USD,865.2
28,2023-11-29,45,-29.0,USD,865.2
28,2023-11-28,45,-28.0,USD,3753.6
28,2023-11-29,45,11.0,USD,2570.4
28,2023-11-29,45,11.0,USD,1054.72
28,2023-11-29,45,11.0,USD,1054.72
28,2023-11-29,45,11.0,USD,3060.0
28,2023-11-29,45,11.0,USD,3600.0
28,2023-11-29,45,11.0,USD,2160.0
28,2023-11-29,45,11.0,USD,1112.4
28,2023-11-29,45,11.0,USD,9000.0
28,2023-11-29,45,11.0,USD,9000.0
28,2023-11-30,45,10.0,USD,12480.0
28,2023-11-30,45,10.0,USD,14502.4
28,2023-11-30,45,10.0,USD,3955.2
28,2023-11-30,45,10.0,USD,71532.8
28,2023-11-30,45,10.0,USD,32659.2
28,2023-11-30,45,10.0,USD,30033.6
28,2023-11-30,45,10.0,USD,20580.11
28,2023-11-30,45,10.0,USD,41827.89
28,2023-11-30,45,,USD,15014.4
28,2023-11-30,45,10.0,USD,23401.6
28,2023-11-30,45,10.0,USD,25408.0
28,2023-11-30,45,,USD,13872.0
28,2023-11-30,45,10.0,USD,69677.6
28,2023-11-30,45,-30.0,USD,67946.67
28,2023-11-30,45,,USD,119211.07
28,2023-11-30,45,,USD,11609.6
28,2023-11-30,45,10.0,USD,56830.24
28,2023-11-30,45,10.0,USD,42393.02
28,2023-11-30,45,10.0,USD,68453.54
28,2023-11-28,45,12.0,USD,4284.0
28,2023-11-28,45,12.0,USD,3753.6
28,2023-11-30,45,15.0,USD,16319.4
28,2023-11-30,45,10.0,USD,33902.7
28,2023-11-30,45,10.0,USD,66019.88
28,2023-11-30,45,10.0,USD,82065.96
28,2023-11-30,45,10.0,USD,33327.64
28,2023-11-30,45,17.0,USD,34451.28
28,2023-11-30,45,10.0,USD,143629.44
28,2023-11-30,45,17.0,USD,27294.54
28,2023-11-30,45,10.0,USD,26134.1
28,2023-11-30,45,10.0,USD,17269.78
28,2023-11-30,45,10.0,USD,13874.78
28,2023-11-30,45,10.0,USD,4241.7
28,2023-11-30,45,10.0,USD,99591.88
28,2023-11-30,45,-30.0,USD,4284.0
28,2023-11-30,45,10.0,USD,4284.0
28,2023-11-30,45,10.0,USD,1713.6
28,2023-11-30,45,10.0,USD,988.8
28,2023-11-30,45,10.0,USD,791.04
28,2023-11-30,45,10.0,USD,988.8
28,2023-11-30,45,10.0,USD,988.8
28,2023-11-30,45,10.0,USD,791.04
28,2023-11-30,45,10.0,USD,988.8
28,2023-11-30,45,10.0,USD,2880.0
28,2023-11-30,45,10.0,USD,1024.0
28,2023-11-30,45,10.0,USD,768.0
28,2023-11-30,45,10.0,USD,1024.0
28,2023-11-30,45,10.0,USD,1280.0
28,2023-11-30,45,10.0,USD,1280.0
28,2023-11-30,45,10.0,USD,1280.0
28,2023-11-30,45,10.0,USD,988.8
28,2023-11-30,45,10.0,USD,988.8
28,2023-11-30,45,10.0,USD,593.28
28,2023-11-30,45,10.0,USD,1153.6
28,2023-11-30,45,10.0,USD,1153.6
28,2023-11-30,45,10.0,USD,1153.6
28,2023-11-30,45,-30.0,USD,131900.8
28,2023-11-30,45,15.0,USD,4752.0
28,2023-11-30,45,10.0,USD,26466.56
28,2023-11-30,45,10.0,USD,63073.95
28,2023-11-30,45,,USD,42049.3
28,2023-11-30,45,17.0,USD,20349.56
28,2023-11-30,45,,USD,14688.0
28,2023-11-30,45,,USD,16300.0
28,2023-11-30,45,10.0,USD,222339.2
28,2023-11-30,45,10.0,USD,11260.8
28,2023-11-30,45,10.0,USD,6526.08
28,2023-11-30,45,,USD,60734.2
28,2023-11-30,45,10.0,USD,58822.9
28,2023-11-30,45,10.0,USD,12240.0
28,2023-11-30,45,10.0,USD,12240.0
28,2023-11-30,45,10.0,USD,4800.0
28,2023-11-30,45,10.0,USD,2880.0
28,2023-11-30,45,15.0,USD,768.0
28,2023-11-30,45,17.0,USD,47862.76
28,2023-11-30,45,10.0,USD,69677.6
28,2023-11-30,45,10.0,USD,87500.0
28,2023-11-30,45,15.0,USD,6407.0
28,2023-11-30,45,10.0,USD,73920.0
28,2023-11-30,45,,USD,116897.6
28,2023-11-30,45,15.0,USD,2465.59
28,2023-12-13,45,-3.0,USD,26466.56
28,2023-12-22,45,,USD,221360.0
28,2023-12-22,45,,USD,12240.0
28,2023-12-22,45,-5.0,USD,69677.6
28,2023-12-22,45,,USD,67946.69
28,2023-12-22,45,,USD,71532.8
28,2023-12-22,45,,USD,41827.89
28,2023-12-22,45,,USD,20580.11
28,2023-12-22,45,-5.0,USD,25408.0
28,2023-12-22,45,,USD,15014.4
28,2023-12-22,45,,USD,13872.0
28,2023-12-22,45,,USD,16663.82
28,2023-12-22,45,,USD,16951.35
28,2023-12-22,45,,USD,21196.51
28,2023-12-22,45,,USD,41032.98
28,2023-12-22,45,,USD,58822.9
28,2023-12-22,45,,USD,23401.6
28,2023-12-22,45,-5.0,USD,143629.44
28,2023-12-22,45,,USD,66019.88
28,2023-12-22,45,,USD,68453.54
28,2023-12-22,45,-5.0,USD,59102.24
28,2023-12-22,45,,USD,14688.0
28,2023-12-22,45,,USD,73920.0
28,2023-12-22,45,,USD,3955.0
28,2023-12-22,45,-5.0,USD,12240.0
28,2023-12-22,45,-5.0,USD,32659.2
28,2023-12-22,45,-5.0,USD,30033.6
28,2023-12-22,45,,USD,12480.0
28,2023-12-26,45,,USD,119211.07
28,2023-12-22,45,,USD,11609.6
28,2023-12-26,45,,USD,41032.98
28,2023-12-26,45,-16.0,USD,4284.0
28,2023-12-26,45,-16.0,USD,4284.0
28,2023-12-26,45,-16.0,USD,5100.0
28,2023-12-26,45,-16.0,USD,5100.0
28,2023-12-26,45,-16.0,USD,1054.72
28,2023-12-26,45,-16.0,USD,1054.72
28,2023-12-26,45,-16.0,USD,1318.4
28,2023-12-26,45,-16.0,USD,692.16
28,2023-12-26,45,-16.0,USD,692.16
28,2023-12-26,45,-16.0,USD,865.2
28,2023-12-26,45,-16.0,USD,988.8
28,2023-12-26,45,-16.0,USD,988.8
28,2023-12-26,45,-16.0,USD,988.8
28,2023-12-26,45,-16.0,USD,3427.2
28,2023-12-26,45,-16.0,USD,4284.0
28,2023-12-26,45,-16.0,USD,4284.0
28,2023-12-26,45,-16.0,USD,4800.0
28,2023-12-26,45,-16.0,USD,4800.0
28,2023-12-26,45,-16.0,USD,791.04
28,2023-12-26,45,-16.0,USD,791.04
28,2023-12-26,45,-16.0,USD,1112.4
28,2023-12-26,45,-16.0,USD,444.96
28,2023-12-26,45,-16.0,USD,1112.4
28,2023-12-26,45,-16.0,USD,4800.0
28,2023-12-26,45,-16.0,USD,4800.0
28,2023-12-26,45,-16.0,USD,3600.0
28,2023-12-26,45,,USD,3600.0
28,2023-12-26,45,-16.0,USD,4800.0
28,2023-12-27,45,-17.0,USD,922.88
28,2023-12-27,45,-17.0,USD,1153.6
28,2023-12-27,45,-17.0,USD,1153.6
28,2023-12-27,45,-17.0,USD,2252.16
28,2023-12-27,45,-17.0,USD,3753.6
28,2023-12-27,45,-17.0,USD,3753.6
28,2023-12-27,45,-17.0,USD,3753.6
28,2023-12-27,45,-17.0,USD,2252.16
28,2023-12-27,45,-17.0,USD,3002.88
28,2023-12-27,45,-17.0,USD,2252.16
28,2023-12-27,45,-17.0,USD,3753.6
28,2023-12-27,45,-17.0,USD,9000.0
28,2023-12-27,45,-17.0,USD,9000.0
28,2023-12-27,45,-17.0,USD,9000.0
28,2023-12-27,45,-17.0,USD,4284.0
28,2023-12-27,45,-17.0,USD,1318.4
28,2023-12-27,45,-17.0,USD,865.2
28,2023-12-27,45,-17.0,USD,1280.0
28,2023-12-27,45,-17.0,USD,1024.0
28,2023-12-27,45,-17.0,USD,1024.0
28,2023-12-27,45,-17.0,USD,1280.0
28,2023-12-27,45,-17.0,USD,1280.0
28,2023-12-27,45,-17.0,USD,1280.0
28,2023-12-27,45,-17.0,USD,988.8
28,2023-12-27,45,-17.0,USD,988.8
28,2023-12-27,45,-17.0,USD,988.8
28,2023-12-27,45,-17.0,USD,988.8
28,2023-12-27,45,-17.0,USD,768.0
28,2023-12-27,45,-17.0,USD,1280.0
28,2023-12-27,45,-17.0,USD,9000.0
28,2023-12-28,45,-11.0,USD,34451.28
28,2023-12-28,45,-11.0,USD,6526.08
28,2023-12-28,45,,USD,16951.35
28,2023-12-28,45,-11.0,USD,20136.7
28,2023-12-28,45,,USD,4241.7
28,2023-12-28,45,-11.0,USD,26134.1
28,2023-12-28,45,-11.0,USD,27294.54
28,2023-12-28,45,-11.0,USD,17269.78
28,2023-12-28,45,,USD,13874.78
28,2023-12-29,45,,USD,21196.51
28,2023-12-31,45,,USD,116897.6
28,2023-12-31,45,-14.0,USD,4284.0
28,2023-12-31,45,-14.0,USD,2570.4
28,2023-12-31,45,-14.0,USD,3427.2
28,2023-12-31,45,-14.0,USD,5100.0
28,2023-12-31,45,-14.0,USD,4800.0
28,2023-12-31,45,-14.0,USD,3840.0
28,2023-12-31,45,-14.0,USD,3600.0
28,2023-12-31,45,-14.0,USD,1440.0
28,2023-12-31,45,-14.0,USD,519.12
28,2023-12-31,45,-14.0,USD,988.8
28,2023-12-31,45,-14.0,USD,988.8
28,2023-12-31,45,-14.0,USD,791.04
28,2023-12-31,45,-14.0,USD,988.8
28,2023-12-31,45,-14.0,USD,988.8
28,2023-12-31,45,-14.0,USD,1112.4
28,2023-12-31,45,-14.0,USD,889.92
28,2023-12-31,45,-14.0,USD,768.0
28,2023-12-31,45,-14.0,USD,1153.6
28,2023-12-31,45,-14.0,USD,922.88
28,2023-12-31,45,,USD,3753.6
28,2023-12-28,45,,USD,16319.4
28,2023-12-31,45,,USD,2465.59
28,2023-12-31,45,,USD,2411.78
28,2023-12-31,45,-14.0,USD,2040.0
28,2023-12-31,45,,USD,47206.75
28,2023-12-31,45,,USD,52385.13
28,2023-12-31,45,-14.0,USD,12854.0
28,2023-12-31,45,-14.0,USD,1647.8
28,2023-12-31,45,,USD,52933.12
28,2023-12-31,45,,USD,42049.3
28,2023-12-31,45,-14.0,USD,47862.76
28,2023-12-31,45,-14.0,USD,17786.37
28,2023-12-31,45,-14.0,USD,30076.39
28,2023-12-31,45,,USD,16663.82
28,2023-12-31,45,,USD,63986.3
28,2023-12-31,45,,USD,16300.0
28,2023-12-31,45,-14.0,USD,47862.76
28,2023-12-31,45,-21.0,USD,104345.6
28,2023-12-31,45,-21.0,USD,3456.0
28,2023-12-31,45,,USD,4800.0
28,2023-12-31,45,,USD,988.8
28,2023-12-31,45,,USD,2880.0
28,2023-12-31,45,,USD,2160.0
28,2023-12-31,45,-21.0,USD,12240.0
28,2023-12-31,45,-21.0,USD,-104345.6
28,2023-12-31,45,-21.0,USD,-3456.0
28,2023-12-31,45,,USD,3427.2
28,2023-12-31,45,,USD,1054.72
28,2023-12-31,45,,USD,3840.0
28,2023-12-31,45,,USD,1024.0
28,2023-12-31,45,,USD,791.04
28,2023-12-31,45,,USD,126609.6
28,2023-12-31,45,,USD,3888.0
28,2023-12-31,45,-21.0,USD,93771.0
28,2024-01-18,45,-18.0,USD,2073233.0
28,2024-01-30,45,,USD,76280.0
28,2024-01-30,45,,USD,227969.6
28,2024-01-30,45,,USD,5630.4
28,2024-01-30,45,,USD,33106.32
28,2024-01-30,45,,USD,75558.4
28,2024-01-30,45,,USD,12240.0
28,2024-01-30,45,,USD,43342.4
28,2024-01-30,45,,USD,20716.8
28,2024-01-30,45,,USD,43294.7
28,2024-01-30,45,,USD,24947.39
28,2024-01-30,45,,USD,12480.0
28,2024-01-30,45,,USD,14144.0
28,2024-01-30,45,,USD,32659.2
28,2024-01-30,45,,USD,71482.33
28,2024-01-30,45,,USD,69258.44
28,2024-01-30,45,,USD,100671.38
28,2024-01-30,45,,USD,51676.92
28,2024-01-30,45,,USD,215444.16
28,2024-01-30,45,,USD,118771.69
28,2024-01-30,45,,USD,40941.81
28,2024-01-30,45,,USD,22617.67
28,2024-01-31,45,,USD,34665.62
28,2024-01-31,45,,USD,34731.76
28,2024-01-31,45,,USD,16951.35
28,2024-01-31,45,,USD,54007.42
28,2024-01-30,45,,USD,6489.79
28,2024-01-30,45,,USD,10244.8
28,2024-01-31,45,,USD,17662.58
28,2024-01-31,45,,USD,7567.97
28,2024-01-31,45,,USD,25932.96
28,2024-01-31,45,,USD,9961.92
28,2024-01-31,45,,USD,10420.19
28,2024-01-31,45,,USD,149387.82
28,2024-01-31,45,,USD,3760.24
28,2024-01-31,45,,USD,98844.91
28,2024-01-31,45,,USD,44811.11
28,2024-01-31,45,,USD,26411.35
28,2024-01-31,45,,USD,13344.3
28,2024-01-31,45,,USD,8634.89
28,2024-01-31,45,,USD,17787.86
28,2024-01-31,45,,USD,134699.2
28,2024-01-31,45,,USD,14054.8
28,2024-01-31,45,,USD,41032.98
28,2024-01-31,45,,USD,49703.68
28,2024-01-31,45,,USD,37456.46
28,2024-01-31,45,,USD,13843.2
28,2024-01-31,45,,USD,71532.8
28,2024-01-31,45,,USD,1153.6
28,2024-01-31,45,,USD,1153.6
28,2024-01-31,45,,USD,922.88
28,2024-01-31,45,,USD,922.88
28,2024-01-31,45,,USD,3002.88
28,2024-01-31,45,,USD,3753.6
28,2024-01-31,45,,USD,3753.6
28,2024-01-31,45,,USD,1501.44
28,2024-01-31,45,,USD,916.48
28,2024-01-31,45,,USD,1145.6
28,2024-01-31,45,,USD,1145.6
28,2024-01-31,45,,USD,916.48
28,2024-01-31,45,,USD,2937.6
28,2024-01-31,45,,USD,3672.0
28,2024-01-31,45,,USD,2937.6
28,2024-01-31,45,,USD,889.92
28,2024-01-31,45,,USD,3495.68
28,2024-01-31,45,,USD,4369.6
28,2024-01-31,45,,USD,3495.68
28,2024-01-31,45,,USD,1086.4
28,2024-01-31,45,,USD,1358.0
28,2024-01-31,45,,USD,1358.0
28,2024-01-31,45,,USD,814.8
28,2024-01-31,45,,USD,3672.0
28,2024-01-31,45,,USD,4369.6
28,2024-01-31,45,,USD,108120.0
28,2024-01-31,45,,USD,3828.8
28,2024-01-31,45,,USD,3063.04
28,2024-01-31,45,,USD,3828.8
28,2024-01-31,45,,USD,4161.6
28,2024-01-31,45,,USD,5202.0
28,2024-01-31,45,,USD,4161.6
28,2024-01-31,45,,USD,5202.0
28,2024-01-31,45,,USD,3916.8
28,2024-01-31,45,,USD,4896.0
28,2024-01-31,45,,USD,791.04
28,2024-01-31,45,,USD,1318.4
28,2024-01-31,45,,USD,1318.4
28,2024-01-31,45,,USD,791.04
28,2024-01-31,45,,USD,1054.72
28,2024-01-31,45,,USD,1318.4
28,2024-01-31,45,,USD,1054.72
28,2024-01-31,45,,USD,1054.72
28,2024-01-31,45,,USD,814.72
28,2024-01-31,45,,USD,1018.4
28,2024-01-31,45,,USD,814.72
28,2024-01-31,45,,USD,814.72
28,2024-01-31,45,,USD,1018.4
28,2024-01-31,45,,USD,1018.4
28,2024-01-31,45,,USD,814.72
28,2024-01-31,45,,USD,3002.88
28,2024-01-31,45,,USD,3753.6
28,2024-01-31,45,,USD,3002.88
28,2024-01-31,45,,USD,3753.6
28,2024-01-31,45,,USD,407.36
28,2024-01-31,45,,USD,1018.4
28,2024-01-31,45,,USD,814.72
28,2024-01-31,45,,USD,611.04
28,2024-01-31,45,,USD,115688.2
28,2024-01-31,45,,USD,-54007.42
28,2024-01-31,45,,USD,46237.48
28,2024-01-31,45,,USD,62981.6
28,2024-01-31,45,,USD,74117.91
28,2024-01-31,45,,USD,36337.6
28,2024-01-31,45,,USD,16663.82
28,2024-01-31,45,,USD,3916.8
28,2024-01-31,45,,USD,4896.0
28,2024-01-31,45,,USD,3916.8
28,2024-01-31,45,,USD,4896.0
28,2024-01-31,45,,USD,3916.8
28,2024-01-31,45,,USD,4896.0
28,2024-01-31,45,,USD,-134699.2
28,2024-01-31,45,,USD,-227969.6
28,2024-01-31,45,,USD,-40941.81
28,2024-01-31,45,,USD,-108120.0
28,2024-01-31,45,,USD,2276.89
29,2023-10-31,30,1.0,USD,123230.45
29,2023-10-31,30,1.0,USD,37478.9
29,2023-11-30,30,-8.0,USD,123440.72
29,2023-11-30,30,-8.0,USD,36296.62
29,2023-12-31,30,2.0,USD,103477.92
29,2023-12-31,30,2.0,USD,32329.02
29,2024-01-31,30,,USD,39242.11
29,2024-01-31,30,,USD,116362.68
30,2023-10-31,30,-9.0,USD,51142.0
30,2023-10-31,30,-8.0,USD,383392.0
30,2023-10-31,30,-9.0,USD,27500.0
30,2023-10-31,30,-9.0,USD,78400.0
30,2023-10-31,30,1.0,USD,14256.0
30,2023-10-31,30,-8.0,USD,172955.0
30,2023-11-30,30,-10.0,USD,172955.0
30,2023-11-30,30,-10.0,USD,383392.0
30,2023-11-30,30,-11.0,USD,51142.0
30,2023-11-30,30,-10.0,USD,13608.0
30,2023-11-30,30,-11.0,USD,78400.0
30,2023-11-30,30,-11.0,USD,27500.0
30,2023-11-30,30,-10.0,USD,1944.0
30,2023-12-29,30,-11.0,USD,383392.0
30,2023-12-29,30,-12.0,USD,51142.0
30,2023-12-29,30,-12.0,USD,12960.0
30,2023-12-29,30,-11.0,USD,172955.0
30,2023-12-31,30,-14.0,USD,1094.96
30,2023-12-31,30,-14.0,USD,78400.0
30,2023-12-31,30,-13.0,USD,27500.0
30,2023-12-31,30,-14.0,USD,7392.0
30,2024-01-30,30,,USD,350000.0
30,2024-01-30,30,,USD,172955.0
30,2024-01-30,30,,USD,14256.0
30,2024-01-30,30,,USD,20160.0
30,2024-01-31,30,,USD,27500.0
30,2024-01-31,30,,USD,7744.0
30,2024-01-31,30,,USD,102096.0
31,2023-10-31,30,5.0,USD,57328.0
31,2023-11-30,30,9.0,USD,49609.0
31,2023-12-31,30,,USD,48377.0
31,2024-01-31,30,,USD,63985.0
32,2023-10-31,30,5.0,USD,885887.2
32,2023-10-31,30,-1.0,USD,9856.0
32,2023-11-30,30,-1.0,USD,908257.1
32,2023-11-30,30,-1.0,USD,9583.2
32,2023-12-31,30,-2.0,USD,826635.6
32,2023-12-31,30,-2.0,USD,7568.0
32,2024-01-31,30,,USD,10445.6
32,2024-01-31,30,,USD,938463.8
33,2023-10-31,30,0.0,USD,10500.0
33,2023-11-30,30,-2.0,USD,10500.0
33,2023-12-29,30,4.0,USD,10500.0
33,2024-01-31,30,,USD,10500.0
34,2023-10-31,30,-17.0,USD,21784.17
34,2023-10-31,30,-17.0,USD,15398.28
34,2023-10-31,30,-17.0,USD,-15398.28
34,2023-10-31,30,-17.0,USD,-21784.17
34,2023-10-31,30,0.0,USD,18585.23
34,2023-10-31,30,0.0,USD,16232.03
34,2023-11-30,30,3.0,USD,17859.5
34,2023-11-30,30,3.0,USD,16140.02
34,2023-11-30,30,3.0,USD,50.96
34,2023-12-31,30,0.0,USD,12233.03
34,2023-12-31,30,0.0,USD,17658.67
34,2024-01-31,30,,USD,14618.41
34,2024-01-31,30,,USD,16441.25
35,2023-10-31,45,,EUR,5520.67
35,2023-10-31,45,,EUR,28895.44
35,2023-11-30,45,,EUR,5718.48
35,2023-11-30,45,,EUR,30863.46
35,2023-12-31,45,,EUR,21388.38
36,2023-10-31,30,-2.0,USD,54000.0
36,2023-10-31,30,-1.0,USD,23500.0
36,2023-10-31,30,-10.0,USD,30500.0
36,2023-10-31,30,-10.0,USD,3944.0
36,2023-10-31,30,-10.0,USD,18304.0
36,2023-10-31,30,-1.0,USD,56056.0
36,2023-10-31,30,-1.0,USD,19600.0
36,2023-10-31,30,-1.0,USD,28372.0
36,2023-10-31,30,-1.0,USD,10948.0
36,2023-10-31,30,-1.0,USD,43936.0
36,2023-10-31,30,-10.0,USD,4104.0
36,2023-10-31,30,-10.0,USD,16800.0
36,2023-10-31,30,1.0,USD,20000.0
36,2023-10-31,30,-1.0,USD,26544.0
36,2023-10-31,30,-10.0,USD,21200.0
36,2023-10-31,30,-10.0,USD,12788.0
36,2023-10-31,30,7.0,USD,16024.0
36,2023-10-31,30,21.0,USD,6404.0
36,2023-10-31,30,-1.0,USD,112372.0
36,2023-10-31,30,26.0,USD,1392.0
36,2023-11-23,30,-5.0,USD,193500.0
36,2023-11-30,30,-15.0,USD,232.0
36,2023-11-30,30,-15.0,USD,16640.0
36,2023-11-30,30,-4.0,USD,54000.0
36,2023-11-30,30,,USD,23500.0
36,2023-11-30,30,-4.0,USD,30500.0
36,2023-11-30,30,-4.0,USD,51704.0
36,2023-11-30,30,-4.0,USD,12824.0
36,2023-11-30,30,-3.0,USD,31136.0
36,2023-11-30,30,-4.0,USD,7256.0
36,2023-11-30,30,-3.0,USD,41744.0
36,2023-11-30,30,6.0,USD,16688.0
36,2023-11-30,30,-12.0,USD,4752.0
36,2023-11-30,30,-4.0,USD,16000.0
36,2023-11-30,30,-4.0,USD,18000.0
36,2023-11-30,30,-11.0,USD,25920.0
36,2023-11-30,30,-12.0,USD,22976.0
36,2023-11-30,30,6.0,USD,110776.0
36,2023-11-30,30,-12.0,USD,14496.0
36,2023-11-30,30,-4.0,USD,13468.0
36,2023-12-31,30,-1.0,USD,54000.0
36,2023-12-31,30,-12.0,USD,23500.0
36,2023-12-31,30,-1.0,USD,30824.0
36,2023-12-31,30,,USD,12184.0
36,2023-12-31,30,-12.0,USD,13136.0
36,2023-12-31,30,-13.0,USD,26896.0
36,2023-12-31,30,-1.0,USD,37536.0
36,2023-12-31,30,-8.0,USD,14600.0
36,2023-12-31,30,-8.0,USD,3456.0
36,2023-12-31,30,-8.0,USD,16000.0
36,2023-12-31,30,,USD,11694.0
36,2023-12-31,30,-1.0,USD,18000.0
36,2023-12-31,30,-12.0,USD,22896.0
36,2023-12-31,30,-12.0,USD,19732.0
36,2023-12-31,30,,USD,105384.0
36,2023-12-31,30,-13.0,USD,-26896.0
36,2023-12-31,30,-1.0,USD,30500.0
36,2023-12-31,30,-1.0,USD,7056.0
36,2023-12-31,30,-1.0,USD,27088.0
36,2023-12-31,30,-1.0,USD,23000.0
36,2024-01-31,30,,USD,54000.0
36,2024-01-31,30,,USD,23500.0
36,2024-01-31,30,,USD,31504.0
36,2024-01-31,30,,USD,9176.0
36,2024-01-31,30,,USD,33896.0
36,2024-01-31,30,,USD,7840.0
36,2024-01-31,30,,USD,16588.0
36,2024-01-31,30,,USD,4536.0
36,2024-01-31,30,,USD,14400.0
36,2024-01-31,30,,USD,19000.0
36,2024-01-31,30,,USD,21192.0
36,2024-01-31,30,,USD,22312.0
36,2024-01-31,30,,USD,13288.0
36,2024-01-31,30,,USD,96000.0
36,2024-01-31,30,,USD,49288.0
36,2024-01-31,30,,USD,8932.0
36,2024-01-31,30,,USD,30500.0
36,2024-01-31,30,,USD,113704.0
37,2023-10-31,45,-15.0,USD,18375.0
37,2023-10-31,45,-15.0,USD,7022.4
37,2023-10-31,45,-15.0,USD,33545.45
37,2023-10-31,45,-15.0,USD,91773.0
37,2023-10-31,45,-15.0,USD,13728.0
37,2023-10-31,45,-15.0,USD,171335.0
37,2023-11-30,45,-9.0,USD,8131.2
37,2023-11-30,45,-9.0,USD,171335.0
37,2023-11-30,45,26.0,USD,12480.0
37,2023-11-30,45,-9.0,USD,18375.0
37,2023-11-30,45,-9.0,USD,91773.0
37,2023-11-30,45,-9.0,USD,33545.45
37,2023-12-31,45,-5.0,USD,91773.0
37,2023-12-31,45,-5.0,USD,7761.6
37,2023-12-31,45,-5.0,USD,11856.0
37,2023-12-31,45,-5.0,USD,18375.0
37,2023-12-31,45,-5.0,USD,33545.45
37,2023-12-31,45,-5.0,USD,171335.0
37,2023-12-31,45,,USD,12953.6
37,2023-12-31,45,,USD,11545.6
37,2024-01-31,45,,USD,188469.0
37,2024-01-31,45,,USD,11840.0
37,2024-01-31,45,,USD,17600.0
37,2024-01-31,45,,USD,36725.0
37,2024-01-31,45,,USD,7392.0
37,2024-01-31,45,,USD,12672.0
38,2023-10-31,30,-2.0,USD,15525.07
38,2023-10-31,30,-2.0,USD,4078.08
38,2023-10-31,30,-2.0,USD,14368.86
38,2023-10-31,30,-2.0,USD,5972.69
38,2023-10-31,30,-2.0,USD,5981.18
38,2023-10-31,30,-2.0,USD,35333.8
38,2023-10-31,30,-2.0,USD,278775.0
38,2023-10-31,30,-2.0,USD,181602.0
38,2023-10-31,30,-2.0,USD,34408.8
38,2023-10-31,30,-2.0,USD,11682.0
38,2023-10-31,30,-2.0,USD,40356.0
38,2023-10-31,30,-2.0,USD,17841.6
38,2023-10-31,30,-2.0,USD,12213.0
38,2023-10-31,30,-2.0,USD,5242.88
38,2023-10-31,30,-2.0,USD,5607.36
38,2023-10-31,30,-2.0,USD,40356.0
38,2023-10-31,30,-2.0,USD,23496.75
38,2023-10-31,30,-2.0,USD,4621.82
38,2023-10-31,30,-2.0,USD,169.92
38,2023-10-31,30,-2.0,USD,31860.0
38,2023-11-30,30,-3.0,USD,278775.0
38,2023-11-30,30,-3.0,USD,34408.8
38,2023-11-30,30,-3.0,USD,11682.0
38,2023-11-30,30,-3.0,USD,40356.0
38,2023-11-30,30,-3.0,USD,17841.6
38,2023-11-30,30,-3.0,USD,6355.01
38,2023-11-30,30,-3.0,USD,3568.32
38,2023-11-30,30,-3.0,USD,40356.0
38,2023-11-30,30,-3.0,USD,5046.62
38,2023-11-30,30,-3.0,USD,22368.38
38,2023-11-30,30,-3.0,USD,14156.46
38,2023-11-30,30,-3.0,USD,5097.6
38,2023-11-30,30,-3.0,USD,14630.11
38,2023-11-30,30,-3.0,USD,6287.04
38,2023-11-30,30,-3.0,USD,5437.44
38,2023-11-30,30,-3.0,USD,6168.1
38,2023-11-30,30,-3.0,USD,32679.87
38,2023-11-30,30,-3.0,USD,12213.0
38,2023-11-30,30,-3.0,USD,181602.0
38,2023-11-30,30,-3.0,USD,31860.0
38,2023-11-30,30,-3.0,USD,2846.46
38,2023-12-14,30,-3.0,USD,6287.04
38,2023-12-14,30,-3.0,USD,13236.77
38,2023-12-14,30,-3.0,USD,4587.84
38,2023-12-14,30,-3.0,USD,21240.0
38,2023-12-14,30,-3.0,USD,5046.62
38,2023-12-19,30,-1.0,USD,278775.0
38,2023-12-19,30,-1.0,USD,181602.0
38,2023-12-19,30,-1.0,USD,34408.8
38,2023-12-19,30,-1.0,USD,40356.0
38,2023-12-19,30,-1.0,USD,17841.6
38,2023-12-19,30,-1.0,USD,23573.22
38,2023-12-19,30,-1.0,USD,5242.88
38,2023-12-19,30,-1.0,USD,5981.18
38,2023-12-19,30,-1.0,USD,13176.93
38,2023-12-19,30,-1.0,USD,3398.4
38,2023-12-19,30,-1.0,USD,9532.51
38,2023-12-19,30,-1.0,USD,40356.0
38,2023-12-20,30,-2.0,USD,11682.0
38,2023-12-20,30,-2.0,USD,12213.0
38,2024-01-31,30,,USD,266562.0
38,2024-01-31,30,,USD,241605.0
38,2024-01-31,30,,USD,64782.0
38,2024-01-31,30,,USD,11682.0
38,2024-01-31,30,,USD,12531.6
38,2024-01-31,30,,USD,41418.0
38,2024-01-31,30,,USD,40086.25
38,2024-01-31,30,,USD,6672.76
38,2024-01-31,30,,USD,6779.81
38,2024-01-31,30,,USD,5326.99
38,2024-01-31,30,,USD,5004.14
38,2024-01-31,30,,USD,14065.13
38,2024-01-31,30,,USD,3568.32
38,2024-01-31,30,,USD,21240.0
38,2024-01-31,30,,USD,10687.97
38,2024-01-31,30,,USD,40356.0
38,2024-01-31,30,,USD,13414.94
38,2024-01-31,30,,USD,-13414.94
38,2024-01-31,30,,USD,13415.12
39,2023-10-31,30,7.0,USD,33260.0
39,2023-11-30,30,9.0,USD,31255.0
39,2023-12-31,30,1.0,USD,30480.0
40,2023-10-31,45,-8.0,EUR,25388.37
40,2023-10-31,45,-8.0,USD,2750.0
40,2023-10-31,45,-8.0,USD,1305.0
40,2023-10-31,45,-8.0,USD,8600.0
40,2023-10-31,45,-8.0,EUR,169833.72
40,2023-10-31,45,-8.0,USD,16500.0
40,2023-10-31,45,-8.0,USD,17955.0
40,2023-10-31,45,-8.0,USD,20400.0
40,2023-10-31,45,-8.0,USD,11220.0
40,2023-10-31,45,-8.0,USD,293145.0
40,2023-10-31,45,-8.0,USD,24038.0
40,2023-10-31,45,-8.0,USD,48852.0
40,2023-10-31,45,-8.0,USD,51204.0
40,2023-10-31,45,-8.0,USD,2082.5
40,2023-11-24,45,-3.0,EUR,26094.6
40,2023-11-30,45,5.0,USD,10635.0
40,2023-11-30,45,-2.0,USD,8210.0
40,2023-11-30,45,-2.0,USD,20400.0
40,2023-11-30,45,14.0,EUR,175919.23
40,2023-11-30,45,5.0,USD,16500.0
40,2023-11-30,45,-2.0,USD,18810.0
40,2023-11-30,45,14.0,USD,293475.0
40,2023-11-30,45,-2.0,USD,13710.0
40,2023-11-30,45,-2.0,USD,51474.0
40,2023-12-25,45,-7.0,EUR,17592.71
40,2023-12-27,45,-1.0,USD,7500.0
40,2023-12-27,45,-1.0,USD,20400.0
40,2023-12-28,45,-2.0,USD,289535.0
40,2023-12-29,45,-3.0,USD,9760.0
40,2023-12-29,45,-3.0,USD,48042.0
40,2023-12-29,45,-3.0,EUR,177985.1
40,2023-12-29,45,-3.0,USD,10500.0
40,2023-12-29,45,-3.0,USD,13680.0
40,2023-12-29,45,-3.0,USD,17425.0
40,2023-12-29,45,,USD,4425.0
40,2024-01-22,45,,USD,20400.0
40,2024-01-22,45,,USD,19960.0
40,2024-01-22,45,,USD,440.0
40,2024-01-22,45,,USD,20400.0
40,2024-01-31,45,,USD,20925.0
40,2024-01-31,45,,USD,54975.0
40,2024-01-31,45,,EUR,27201.77
40,2024-01-31,45,,USD,14250.0
40,2024-01-31,45,,USD,158700.0
40,2024-01-31,45,,USD,10335.0
40,2024-01-31,45,,USD,12515.0
40,2024-01-31,45,,USD,16245.0
40,2024-01-31,45,,USD,15640.0
40,2024-01-31,45,,USD,181280.0
40,2024-01-31,45,,EUR,173693.21
41,2023-10-31,30,28.0,USD,48429.0
41,2023-11-30,30,29.0,USD,52038.0
41,2023-12-31,30,,USD,44136.0
41,2024-01-31,30,,USD,51597.0
42,2023-10-31,30,-13.0,USD,276044.0
42,2023-11-30,30,11.0,USD,266086.5
42,2023-12-18,30,-6.0,USD,6037.8
42,2023-12-31,30,-11.0,USD,267227.0
42,2023-12-31,30,0.0,USD,6880.0
42,2024-01-31,30,,USD,336276.5
42,2024-01-31,30,,USD,29856.0
43,2023-10-16,60,-1.0,USD,5040.0
43,2023-10-16,60,-1.0,USD,30336.0
43,2023-10-16,60,-1.0,USD,9000.0
43,2023-10-26,60,-3.0,USD,6120.0
43,2023-10-31,60,-1.0,USD,5040.0
43,2023-10-31,60,-1.0,USD,30000.0
43,2023-10-31,60,-1.0,USD,9000.0
43,2023-10-31,60,-1.0,USD,6800.0
43,2023-10-31,60,-1.0,USD,2252.8
43,2023-10-31,60,-1.0,USD,10665.0
43,2023-10-31,60,-1.0,USD,10935.0
43,2023-10-31,60,-1.0,USD,2816.0
43,2023-10-31,60,-1.0,USD,16760.0
43,2023-10-31,60,,USD,12452.0
43,2023-11-14,60,,USD,2534.4
43,2023-11-21,60,-2.0,USD,3920.0
43,2023-11-21,60,-2.0,USD,10000.0
43,2023-11-22,60,-3.0,USD,32032.0
43,2023-11-24,60,-5.0,USD,31520.0
43,2023-11-24,60,-5.0,USD,3360.0
43,2023-11-24,60,-5.0,USD,10000.0
43,2023-11-30,60,0.0,USD,6460.0
43,2023-11-30,60,0.0,USD,6800.0
43,2023-11-30,60,0.0,USD,2252.8
43,2023-11-30,60,0.0,USD,12082.5
43,2023-11-30,60,0.0,USD,10780.0
43,2023-11-30,60,,USD,4480.0
43,2023-11-30,60,0.0,USD,27600.0
43,2023-11-30,60,0.0,USD,10780.0
43,2023-11-30,60,0.0,USD,10935.0
43,2023-11-30,60,0.0,USD,8000.0
43,2023-11-30,60,0.0,USD,2252.8
43,2023-12-21,60,,USD,5600.0
43,2023-12-21,60,,USD,29520.0
43,2023-12-21,60,,USD,9000.0
43,2023-12-31,60,,USD,3400.0
43,2023-12-31,60,,USD,5440.0
43,2023-12-31,60,,USD,6800.0
43,2023-12-31,60,,USD,8640.0
43,2023-12-31,60,,USD,7020.0
43,2023-12-31,60,,USD,2816.0
43,2023-12-31,60,,USD,27120.0
43,2023-12-31,60,,USD,12540.0
43,2023-12-31,60,,USD,2252.8
43,2023-12-31,60,,USD,2816.0
43,2023-12-31,60,,USD,11572.0
43,2023-12-31,60,,USD,12760.0
43,2023-12-31,60,,USD,3360.0
43,2023-12-31,60,,USD,21040.0
43,2023-12-31,60,,USD,6000.0
43,2024-01-24,60,,USD,5040.0
43,2024-01-24,60,,USD,31760.0
43,2024-01-24,60,,USD,9000.0
43,2024-01-31,60,,USD,5040.0
43,2024-01-31,60,,USD,34960.0
43,2024-01-31,60,,USD,10000.0
43,2024-01-31,60,,USD,2534.4
43,2024-01-31,60,,USD,8842.5
43,2024-01-31,60,,USD,10800.0
43,2024-01-31,60,,USD,1689.6
43,2024-01-31,60,,USD,6120.0
43,2024-01-31,60,,USD,6120.0
43,2024-01-31,60,,USD,11484.0
43,2024-01-31,60,,USD,10428.0
44,2023-10-30,30,15.0,USD,3520.0
44,2023-11-30,30,23.0,USD,3520.0
44,2023-12-31,30,,USD,3520.0
44,2024-01-31,30,,USD,3520.0
45,2023-10-31,30,0.0,USD,3960.0
45,2023-11-30,30,9.0,USD,3080.0
45,2023-12-31,30,-2.0,USD,880.0
46,2023-10-31,30,-2.0,USD,207200.0
46,2023-10-31,30,-2.0,USD,108542.0
46,2023-10-31,30,-2.0,USD,53880.0
46,2023-11-30,30,-1.0,USD,99104.0
46,2023-11-30,30,-1.0,USD,35320.0
46,2023-11-30,30,-1.0,USD,207200.0
46,2023-12-31,30,-4.0,USD,207200.0
46,2023-12-31,30,4.0,USD,91008.0
46,2023-12-31,30,-4.0,USD,32400.0
46,2024-01-31,30,,USD,242240.0
46,2024-01-31,30,,USD,81304.0
47,2023-10-31,30,-17.0,USD,1469678.0
47,2023-10-31,30,1.0,USD,10055.5
47,2023-10-31,30,-2.0,USD,7945.0
47,2023-10-31,30,-17.0,USD,-1469678.0
47,2023-10-31,30,0.0,USD,1469262.0
47,2023-10-31,30,-2.0,USD,2414.37
47,2023-10-31,30,20.0,USD,21000.0
47,2023-11-30,30,-1.0,USD,1388806.0
47,2023-11-30,30,4.0,USD,25200.0
47,2023-11-30,30,-1.0,USD,7945.0
47,2023-11-30,30,-1.0,USD,21528.0
47,2023-11-30,30,-1.0,USD,6664.0
47,2023-12-20,30,-1.0,USD,46870.0
47,2023-12-26,30,-2.0,USD,12672.0
47,2023-12-31,30,-1.0,USD,1232300.0
47,2023-12-31,30,-1.0,USD,9928.0
47,2023-12-31,30,-1.0,USD,7945.0
47,2023-12-31,30,,USD,280448.0
47,2024-01-24,30,,USD,4104.12
47,2024-01-31,30,,USD,1207966.0
47,2024-01-31,30,,USD,7945.0
47,2024-01-31,30,,USD,12040.0
48,2023-10-25,30,-3.0,USD,43480.0
48,2023-10-31,30,-10.0,USD,12500.0
48,2023-10-31,30,1.0,USD,6160.0
48,2023-10-31,30,-13.0,USD,17300.0
48,2023-10-31,30,-2.0,USD,21720.0
48,2023-10-31,30,-2.0,USD,6468.0
48,2023-10-31,30,13.0,USD,4520.0
48,2023-10-31,30,36.0,USD,8800.0
48,2023-10-31,30,12.0,USD,4752.0
48,2023-10-31,30,76.0,USD,18744.0
48,2023-10-31,30,12.0,USD,8833.33
48,2023-10-31,30,13.0,USD,39548.0
48,2023-10-31,30,12.0,USD,5236.0
48,2023-10-31,30,36.0,USD,73363.0
48,2023-10-31,30,13.0,USD,56517.36
48,2023-11-30,30,-2.0,USD,7392.0
48,2023-11-30,30,-2.0,USD,4080.0
48,2023-11-30,30,-2.0,USD,9240.0
48,2023-11-30,30,6.0,USD,76880.0
48,2023-11-30,30,-2.0,USD,5544.0
48,2023-11-30,30,33.0,USD,20142.0
48,2023-11-30,30,46.0,USD,18436.0
48,2023-11-30,30,-15.0,USD,16000.0
48,2023-11-30,30,-2.0,USD,8833.33
48,2023-11-30,30,6.0,USD,3388.0
48,2023-11-30,30,-12.0,USD,6160.0
48,2023-11-30,30,-12.0,USD,12500.0
48,2023-11-30,30,-2.0,USD,7260.0
48,2023-11-30,30,-2.0,USD,2376.0
48,2023-12-22,30,3.0,USD,52420.0
48,2023-12-22,30,1.0,USD,38180.0
48,2023-12-31,30,-4.0,USD,4080.0
48,2023-12-31,30,-4.0,USD,20370.0
48,2023-12-31,30,1.0,USD,5544.0
48,2023-12-31,30,,USD,12800.0
48,2023-12-31,30,-14.0,USD,12500.0
48,2023-12-31,30,-4.0,USD,8333.33
48,2023-12-31,30,-4.0,USD,7040.0
48,2023-12-31,30,-4.0,USD,70166.0
48,2023-12-31,30,15.0,USD,6160.0
48,2023-12-31,30,-4.0,USD,8360.0
48,2023-12-31,30,15.0,USD,17512.0
48,2024-01-31,30,,USD,28852.25
48,2024-01-31,30,,USD,17600.0
48,2024-01-31,30,-16.0,USD,6468.0
48,2024-01-31,30,,USD,8833.33
48,2024-01-31,30,,USD,21306.0
48,2024-01-31,30,,USD,19096.0
48,2024-01-31,30,,USD,7392.0
48,2024-01-31,30,,USD,6468.0
48,2024-01-31,30,,USD,8250.0
49,2023-10-31,30,-1.0,USD,51814.4
49,2023-11-30,30,41.0,USD,42960.0
49,2023-12-31,30,1.0,USD,47368.0
49,2024-01-31,30,,USD,55502.0
50,2023-10-25,30,-14.0,USD,23496.0
51,2023-10-31,30,-10.0,USD,28280.0
51,2023-11-29,30,-17.0,USD,26680.0
51,2023-12-19,30,-6.0,USD,22600.0
51,2024-01-31,30,,USD,30504.0
52,2023-11-17,60,,USD,2375.0
52,2023-11-30,60,,USD,1975.0
52,2023-12-31,60,,USD,2312.5
53,2023-10-30,45,21.0,CAD,18585.92
53,2023-11-30,45,2.0,CAD,18917.4
54,2023-10-31,45,14.0,USD,7126.3
54,2023-10-31,45,14.0,USD,3357.2
54,2023-10-31,45,14.0,USD,1480.0
54,2023-10-31,45,14.0,USD,520.0
54,2023-10-31,45,14.0,USD,5609.5
54,2023-10-31,45,14.0,USD,2810.25
54,2023-10-31,45,14.0,USD,3612.25
54,2023-11-30,45,17.0,USD,4253.7
54,2023-11-30,45,17.0,USD,1216.0
54,2023-11-30,45,17.0,USD,1460.0
54,2023-11-30,45,17.0,USD,540.0
54,2023-11-30,45,17.0,USD,5631.5
54,2023-11-30,45,17.0,USD,2709.75
54,2023-11-30,45,17.0,USD,3590.5
54,2023-12-31,45,,USD,3618.85
54,2023-12-31,45,,USD,3471.25
54,2023-12-31,45,,USD,5269.75
54,2023-12-31,45,,USD,2784.25
54,2023-12-31,45,,USD,1120.0
54,2023-12-31,45,,USD,1500.0
54,2023-12-31,45,,USD,500.0
54,2024-01-31,45,,USD,4314.65
54,2024-01-31,45,,USD,4061.25
54,2024-01-31,45,,USD,1213.0
54,2024-01-31,45,,USD,5779.75
54,2024-01-31,45,,USD,500.0
54,2024-01-31,45,,USD,1500.0
54,2024-01-31,45,,USD,1216.0
55,2023-10-26,30,12.0,USD,5180.0
55,2023-10-26,30,12.0,USD,4000.0
55,2023-10-26,30,12.0,USD,5280.0
55,2023-10-26,30,12.0,USD,4560.0
55,2023-10-26,30,12.0,USD,5600.0
55,2023-11-22,30,14.0,USD,3800.0
55,2023-11-22,30,14.0,USD,4224.0
55,2023-11-22,30,14.0,USD,3840.0
55,2023-11-22,30,14.0,USD,5040.0
55,2023-11-22,30,14.0,USD,5040.0
55,2023-12-31,30,15.0,USD,6160.0
55,2023-12-31,30,15.0,USD,4000.0
55,2023-12-31,30,15.0,USD,6336.0
55,2023-12-31,30,15.0,USD,5760.0
55,2023-12-31,30,15.0,USD,6160.0
55,2024-01-31,30,,USD,26968.0
56,2023-10-31,75,18.0,USD,6144.0
56,2023-11-30,75,,USD,6912.0
56,2023-12-31,75,,USD,5376.0
57,2023-10-31,30,-9.0,USD,27385.0
57,2023-10-31,30,-9.0,USD,16560.0
57,2023-10-31,30,-9.0,USD,6743.0
57,2023-10-31,30,-9.0,USD,5040.0
57,2023-10-31,30,-9.0,USD,4200.0
57,2023-10-31,30,-9.0,USD,21000.0
57,2023-10-31,30,-9.0,USD,3000.0
57,2023-10-31,30,-9.0,USD,12000.0
57,2023-10-31,30,-9.0,USD,3246.44
57,2023-10-31,30,-9.0,USD,25471.6
57,2023-10-31,30,-9.0,USD,4422.5
57,2023-10-31,30,-9.0,USD,31080.0
57,2023-11-14,30,-2.0,USD,7156.0
57,2023-11-14,30,-2.0,USD,3290.0
57,2023-11-30,30,-8.0,USD,3024.0
57,2023-11-30,30,-8.0,USD,5040.0
57,2023-11-30,30,-8.0,USD,6743.0
57,2023-11-30,30,-8.0,USD,16560.0
57,2023-11-30,30,-8.0,USD,27385.0
57,2023-11-30,30,-8.0,USD,31080.0
57,2023-11-30,30,-8.0,USD,3000.0
57,2023-11-30,30,-8.0,USD,12000.0
57,2023-11-30,30,-8.0,USD,4422.5
57,2023-11-30,30,-1.0,USD,1121.59
57,2023-11-30,30,-1.0,USD,25471.6
57,2023-12-28,30,1.0,USD,3000.0
57,2023-12-28,30,1.0,USD,12000.0
57,2023-12-28,30,1.0,USD,4422.5
57,2023-12-28,30,1.0,USD,25471.6
57,2023-12-28,30,1.0,USD,714.64
57,2023-12-27,30,-1.0,USD,31080.0
57,2023-12-27,30,-1.0,USD,5040.0
57,2023-12-27,30,-1.0,USD,3024.0
57,2023-12-27,30,-1.0,USD,6743.0
57,2023-12-27,30,-1.0,USD,16560.0
57,2023-12-27,30,-1.0,USD,27385.0
57,2024-01-18,30,,USD,10000.0
57,2024-01-31,30,,USD,31080.0
57,2024-01-31,30,,USD,10470.0
57,2024-01-31,30,,USD,3024.0
57,2024-01-31,30,,USD,6743.0
57,2024-01-31,30,,USD,27385.0
57,2024-01-31,30,,USD,16560.0
57,2024-01-31,30,,USD,15862.0
57,2024-01-31,30,,USD,4422.5
57,2024-01-31,30,,USD,552.24
57,2024-01-31,30,,USD,25471.6
57,2024-01-31,30,,USD,8288.82
57,2024-01-31,30,,USD,9969.0
57,2024-01-31,30,,USD,6600.0
58,2023-10-31,30,-2.0,USD,6160.0
58,2023-10-31,30,-2.0,USD,4180.0
58,2023-10-31,30,-2.0,USD,5684.8
58,2023-10-31,30,-2.0,USD,10243.2
58,2023-11-16,30,-3.0,USD,8064.0
58,2023-11-30,30,-8.0,USD,3960.0
58,2023-11-30,30,-8.0,USD,13543.2
58,2023-11-30,30,-8.0,USD,4787.2
58,2023-11-30,30,-8.0,USD,3696.0
58,2023-11-30,30,-8.0,USD,13776.0
58,2023-12-31,30,-1.0,USD,4787.2
58,2023-12-31,30,-1.0,USD,3080.0
58,2023-12-31,30,-1.0,USD,13440.0
58,2023-12-31,30,-1.0,USD,2860.0
58,2023-12-31,30,-1.0,USD,10560.0
58,2024-01-31,30,,USD,6048.0
58,2024-01-31,30,,USD,4180.0
58,2024-01-31,30,,USD,5684.8
58,2024-01-31,30,,USD,6133.6
58,2024-01-31,30,,USD,13701.6
58,2024-01-31,30,,USD,75000.0
59,2023-10-20,45,3.0,USD,140000.01
59,2023-10-31,45,-8.0,USD,45684.59
59,2023-11-30,45,-24.0,USD,100000.0
59,2023-11-30,45,-6.0,USD,41279.77
59,2023-12-13,45,-39.0,USD,99760.0
59,2023-12-31,45,-6.0,USD,41966.6
59,2024-01-31,45,,USD,37027.27
60,2023-10-31,30,0.0,USD,64475.58
60,2023-10-31,30,0.0,USD,79816.1
60,2023-10-31,30,0.0,USD,5132.34
60,2023-10-31,30,0.0,USD,26822.4
60,2023-10-31,30,0.0,USD,37000.0
60,2023-10-31,30,-6.0,USD,30480.0
60,2023-10-31,30,0.0,USD,14485.68
60,2023-10-31,30,0.0,USD,32831.04
60,2023-10-31,30,0.0,USD,16896.0
60,2023-10-31,30,0.0,USD,18513.0
60,2023-10-31,30,0.0,USD,8265.4
60,2023-10-31,30,0.0,USD,8264.96
60,2023-10-31,30,0.0,USD,27297.6
60,2023-10-31,30,-6.0,USD,338899.49
60,2023-10-31,30,0.0,USD,11297.44
60,2023-10-31,30,0.0,USD,21600.0
60,2023-10-31,30,0.0,USD,8803.52
60,2023-10-31,30,0.0,USD,4394.72
60,2023-10-31,30,0.0,USD,87593.88
60,2023-11-30,30,5.0,USD,37000.0
60,2023-11-30,30,-1.0,USD,15360.0
60,2023-11-30,30,5.0,USD,28800.0
60,2023-11-30,30,-9.0,USD,31471.44
60,2023-11-30,30,-1.0,USD,27557.2
60,2023-11-30,30,5.0,USD,13591.6
60,2023-11-30,30,-9.0,USD,323143.0
60,2023-11-30,30,5.0,USD,3732.61
60,2023-11-30,30,20.0,USD,3595.68
60,2023-11-30,30,-9.0,USD,10241.44
60,2023-11-30,30,-1.0,USD,4323.44
60,2023-11-30,30,-1.0,USD,7756.76
60,2023-11-30,30,-9.0,USD,17839.8
60,2023-11-30,30,5.0,USD,23328.8
60,2023-11-30,30,-9.0,USD,83929.44
60,2023-11-30,30,5.0,USD,66637.74
60,2023-11-30,30,-1.0,USD,75384.4
60,2023-12-31,30,2.0,USD,47416.98
60,2023-12-31,30,-5.0,USD,63097.84
60,2023-12-31,30,-5.0,USD,37000.0
60,2023-12-31,30,-5.0,USD,21199.2
60,2023-12-31,30,-11.0,USD,14592.0
60,2023-12-31,30,-5.0,USD,78455.92
60,2023-12-31,30,-5.0,USD,25957.5
60,2023-12-31,30,-5.0,USD,28082.3
60,2023-12-31,30,-5.0,USD,323143.0
60,2023-12-31,30,-5.0,USD,6993.8
60,2023-12-31,30,-5.0,USD,17952.0
60,2023-12-31,30,-11.0,USD,4199.18
60,2023-12-31,30,2.0,USD,3468.0
60,2023-12-31,30,-11.0,USD,26560.0
60,2023-12-31,30,-11.0,USD,14192.85
60,2023-12-31,30,-11.0,USD,3995.2
60,2023-12-31,30,2.0,USD,855.44
60,2023-12-31,30,-11.0,USD,9478.48
60,2024-01-31,30,,USD,38480.0
60,2024-01-31,30,,USD,16128.0
60,2024-01-31,30,,USD,29282.0
60,2024-01-31,30,,USD,28496.33
60,2024-01-31,30,,USD,4665.76
60,2024-01-31,30,,USD,9158.16
60,2024-01-31,30,,USD,18096.18
60,2024-01-31,30,,USD,7883.92
60,2024-01-31,30,,USD,17278.8
60,2024-01-31,30,,USD,94534.88
60,2024-01-31,30,,USD,336215.0
60,2024-01-31,30,,USD,15488.2
60,2024-01-31,30,,USD,63390.6
60,2024-01-31,30,,USD,4394.72
60,2024-01-31,30,,USD,25555.2
60,2024-01-31,30,,USD,5086.4
61,2023-10-31,30,-7.0,USD,18480.0
61,2023-10-31,30,-7.0,USD,14364.0
61,2023-10-31,30,-7.0,USD,17640.0
61,2023-10-31,30,-7.0,USD,23520.0
61,2023-10-31,30,-7.0,USD,17640.0
61,2023-10-31,30,-7.0,USD,7875.0
61,2023-10-31,30,-7.0,USD,7182.0
61,2023-10-31,30,-7.0,USD,6498.0
61,2023-10-31,30,-9.0,USD,23940.0
61,2023-10-31,30,-7.0,USD,21840.0
61,2023-10-31,30,-7.0,USD,10080.0
61,2023-10-31,30,-7.0,USD,5643.0
61,2023-10-31,30,22.0,USD,22000.0
61,2023-10-31,30,-7.0,USD,18000.0
61,2023-10-31,30,14.0,USD,115000.0
61,2023-10-31,30,-7.0,USD,15120.0
61,2023-10-31,30,14.0,USD,8360.0
61,2023-10-31,30,0.0,USD,13376.0
61,2023-11-16,30,-2.0,USD,6688.0
61,2023-11-16,30,-2.0,USD,40656.0
61,2023-11-17,30,-3.0,USD,21728.0
61,2023-11-30,30,-16.0,USD,16128.0
61,2023-11-30,30,-16.0,USD,21280.0
61,2023-11-30,30,-8.0,USD,21840.0
61,2023-11-30,30,-16.0,USD,7470.0
61,2023-11-30,30,-16.0,USD,7182.0
61,2023-11-30,30,-8.0,USD,15960.0
61,2023-11-30,30,-8.0,USD,17640.0
61,2023-11-30,30,-16.0,USD,13376.0
61,2023-11-30,30,-16.0,USD,40656.0
61,2023-11-30,30,-8.0,USD,20000.0
61,2023-11-30,30,-8.0,USD,6840.0
61,2023-11-30,30,-16.0,USD,16800.0
61,2023-11-30,30,-8.0,USD,17640.0
61,2023-11-30,30,-8.0,USD,16800.0
61,2023-11-30,30,-16.0,USD,6688.0
61,2023-11-30,30,-1.0,USD,5940.0
61,2023-11-30,30,-8.0,USD,17152.0
61,2023-11-30,30,-16.0,USD,18480.0
61,2023-11-30,30,-8.0,USD,17640.0
61,2023-11-30,30,-8.0,USD,20333.63
61,2023-12-31,30,-19.0,USD,20800.0
61,2023-12-31,30,-19.0,USD,16800.0
61,2023-12-31,30,-19.0,USD,16128.0
61,2023-12-31,30,-2.0,USD,11494.5
61,2023-12-31,30,-19.0,USD,15500.0
61,2023-12-31,30,-19.0,USD,15120.0
61,2023-12-31,30,-19.0,USD,21440.0
61,2023-12-31,30,-19.0,USD,8100.0
61,2023-12-31,30,-19.0,USD,6840.0
61,2023-12-31,30,-19.0,USD,6156.0
61,2023-12-31,30,-19.0,USD,15200.0
61,2023-12-31,30,-19.0,USD,5346.0
61,2023-12-31,30,-19.0,USD,17920.0
61,2023-12-31,30,-19.0,USD,17600.0
61,2023-12-31,30,-19.0,USD,6688.0
61,2023-12-31,30,-19.0,USD,13376.0
61,2023-12-31,30,-19.0,USD,1680.0
61,2023-12-31,30,-19.0,USD,13860.0
61,2023-12-31,30,-19.0,USD,16800.0
61,2023-12-31,30,-19.0,USD,67000.0
61,2023-12-31,30,-19.0,USD,40656.0
61,2023-12-31,30,-2.0,USD,20000.0
61,2023-12-31,30,-2.0,USD,10000.0
